checkOutDate,timeStamps,extendTime,boardGameId,email
2023-07-04,4:10 PM,0,BG1,kspinks0@illinois.edu
2023-06-18,10:40 PM,0,BG2,aavieson1@independent.co.uk
2024-09-09,6:28 PM,0,BG3,lhazelgrove2@redcross.org
2023-02-14,9:44 PM,0,BG4,kalfonzo3@example.com
2024-07-18,6:48 AM,3,BG5,mlapish4@ustream.tv
2025-01-25,12:40 AM,1,BG6,tfetherston5@fotki.com
2024-06-22,5:35 PM,3,BG7,fbroun6@biblegateway.com
2023-09-18,10:33 AM,3,BG8,kboldero7@sourceforge.net
2023-12-30,5:08 AM,2,BG9,cabell8@freewebs.com
2023-07-17,10:21 AM,3,BG10,cstringfellow9@amazon.co.uk
2023-06-10,7:39 PM,3,BG11,dspuriera@mashable.com
2023-09-23,8:16 PM,2,BG12,gpayzeb@bizjournals.com
2023-04-06,11:29 PM,2,BG13,mroddiec@techcrunch.com
2024-05-26,12:23 PM,2,BG14,ttarrantd@ustream.tv
2025-01-15,10:59 PM,3,BG15,ekollase@pagesperso-orange.fr
2023-03-20,9:11 PM,3,BG16,bcurnessf@dyndns.org
2024-03-10,4:47 AM,0,BG17,bgellertg@seattletimes.com
2024-11-28,10:45 AM,2,BG18,pboddiceh@umn.edu
2024-01-19,6:49 AM,3,BG19,mtriplowi@guardian.co.uk
2023-08-08,5:55 PM,3,BG20,fnorledgej@apple.com
2023-04-28,4:11 PM,1,BG21,lsladerk@soup.io
2024-05-19,10:38 PM,1,BG22,wossultonl@addthis.com
2024-06-07,12:19 PM,3,BG23,mchrispm@4shared.com
2022-12-26,10:11 AM,0,BG24,pzipselln@w3.org
2024-05-29,1:09 PM,1,BG25,bmelvino@imageshack.us
2024-02-16,3:22 AM,0,BG26,codcroftp@cbsnews.com
2024-07-21,12:39 PM,0,BG27,ttzarq@usgs.gov
2023-04-23,6:16 PM,0,BG28,bfoulksr@mozilla.com
2022-12-19,1:11 AM,2,BG29,rvautreys@lulu.com
2024-10-02,9:20 AM,0,BG30,llongleyt@techcrunch.com
2024-10-14,12:06 PM,3,BG31,clardieru@behance.net
2024-07-12,8:12 PM,3,BG32,mbastonev@ovh.net
2023-10-26,4:33 PM,3,BG33,theggiew@google.es
2023-04-28,7:50 AM,2,BG34,lguttridgex@theglobeandmail.com
2023-08-31,4:20 PM,3,BG35,lgrebery@yelp.com
2024-03-18,6:15 AM,1,BG36,anewhamz@surveymonkey.com
2023-04-05,2:48 AM,0,BG37,vgrimsdell10@businessinsider.com
2024-02-28,10:59 PM,1,BG38,oocarrol11@goo.gl
2023-04-26,9:25 PM,0,BG39,aerrey12@sina.com.cn
2024-10-17,5:02 PM,0,BG40,dchilvers13@senate.gov
2022-12-03,10:26 PM,2,BG41,sguice14@sogou.com
2023-12-12,9:54 AM,2,BG42,pmasterman15@tuttocitta.it
2023-10-23,1:35 PM,3,BG43,vmccoll16@cam.ac.uk
2024-01-25,11:53 PM,1,BG44,lskilling17@elegantthemes.com
2023-06-12,6:59 PM,0,BG45,lpeploe18@odnoklassniki.ru
2023-04-01,8:33 AM,0,BG46,mhardiker19@ameblo.jp
2024-07-29,4:25 AM,3,BG47,borr1a@imageshack.us
2023-07-08,8:57 PM,1,BG48,kbrittle1b@timesonline.co.uk
2022-11-22,7:50 PM,2,BG49,abartley1c@soundcloud.com
2023-12-22,10:18 PM,1,BG50,tyoselevitch1d@sourceforge.net
2023-02-07,4:43 AM,2,BG51,cneild1e@sun.com
2024-08-16,8:06 PM,0,BG52,lcelloni1f@go.com
2023-07-23,1:54 PM,2,BG53,gsinkinson1g@ebay.com
2023-10-17,8:03 PM,3,BG54,ehaythorn1h@cnet.com
2023-02-03,4:06 PM,2,BG55,okuhlen1i@huffingtonpost.com
2024-07-03,7:57 PM,0,BG56,bromanin1j@ocn.ne.jp
2023-03-04,5:26 PM,0,BG57,sfeasby1k@shareasale.com
2024-03-22,7:30 PM,3,BG58,gdoctor1l@php.net
2024-11-17,4:31 AM,3,BG59,blohoar1m@com.com
2024-09-08,11:03 PM,2,BG60,cgeraldi1n@constantcontact.com
2025-01-21,8:45 AM,1,BG61,mpullman1o@paypal.com
2024-10-28,2:51 PM,0,BG62,cceliz1p@cnet.com
2024-08-22,7:24 AM,1,BG63,nbunkle1q@smugmug.com
2024-01-05,1:49 AM,1,BG64,ksoeiro1r@barnesandnoble.com
2024-02-09,1:11 AM,2,BG65,jazam1s@paypal.com
2023-04-21,3:46 AM,0,BG66,tlinch1t@sun.com
2023-01-01,7:08 PM,2,BG67,bjutson1u@engadget.com
2024-01-27,8:51 PM,3,BG68,glandeaux1v@mozilla.com
2025-01-05,3:52 PM,0,BG69,hbernard1w@forbes.com
2023-09-09,11:01 AM,1,BG70,wpennycord1x@aboutads.info
2023-11-29,11:06 AM,1,BG71,csiely1y@gnu.org
2023-10-28,4:52 PM,2,BG72,truseworth1z@phoca.cz
2024-06-24,4:12 PM,2,BG73,ajelk20@skyrock.com
2022-12-20,6:35 PM,3,BG74,vballchin21@geocities.jp
2023-11-17,9:13 AM,0,BG75,sanfosso22@networksolutions.com
2025-01-27,10:10 AM,3,BG76,opordall23@ihg.com
2023-05-14,5:57 AM,0,BG77,bmarousek24@blogs.com
2023-02-03,5:26 PM,1,BG78,lburman25@google.com.au
2024-01-21,3:43 PM,0,BG79,dalenichev26@wikia.com
2024-11-19,5:22 AM,3,BG80,crevens27@symantec.com
2024-08-19,4:32 AM,3,BG81,rrobken28@businessinsider.com
2024-06-07,11:32 AM,1,BG82,rstille29@i2i.jp
2024-11-10,10:48 AM,1,BG83,vkeyzor2a@bloglovin.com
2023-12-12,7:24 PM,3,BG84,wrevans2b@yahoo.com
2023-08-30,8:50 PM,3,BG85,pbayford2c@globo.com
2024-02-16,3:34 AM,3,BG86,emeharry2d@behance.net
2024-05-21,4:56 PM,3,BG87,ichown2e@zdnet.com
2024-05-25,4:32 AM,1,BG88,rlambart2f@php.net
2023-01-03,4:43 AM,1,BG89,aettery2g@chron.com
2023-02-13,6:01 AM,0,BG90,sbowton2h@bloomberg.com
2023-04-28,8:54 AM,2,BG91,ocurd2i@clickbank.net
2024-08-18,11:03 AM,1,BG92,certel2j@alibaba.com
2024-08-25,8:45 AM,1,BG93,ystratz2k@senate.gov
2023-08-26,8:04 AM,2,BG94,dchastanet2l@shutterfly.com
2022-12-26,5:26 PM,2,BG95,mlongmate2m@auda.org.au
2024-07-05,6:04 AM,1,BG96,dteall2n@vistaprint.com
2024-12-06,12:27 AM,3,BG97,dheisman2o@cmu.edu
2024-08-24,5:50 PM,0,BG98,eatlee2p@cpanel.net
2023-09-30,3:59 PM,1,BG99,apettet2q@ebay.co.uk
2024-01-18,10:05 PM,0,BG100,gswinfen2r@technorati.com
2023-07-10,3:57 AM,2,BG101,ldoge2s@vk.com
2022-11-23,8:49 PM,2,BG102,jzincke2t@a8.net
2024-12-13,2:49 AM,1,BG103,epetrolli2u@51.la
2023-04-12,9:35 AM,3,BG104,erichens2v@reverbnation.com
2024-12-18,7:09 PM,0,BG105,mhurleston2w@psu.edu
2024-03-20,12:56 PM,3,BG106,trodgerson2x@ucoz.com
2023-11-05,2:57 PM,3,BG107,bbrittain2y@merriam-webster.com
2024-01-02,11:29 AM,2,BG108,jgregorin2z@mayoclinic.com
2023-11-08,12:51 AM,1,BG109,skilfether30@ed.gov
2023-04-03,5:10 PM,0,BG110,mbenoiton31@addthis.com
2024-11-07,6:16 AM,1,BG111,sallderidge32@ucsd.edu
2023-04-09,2:51 PM,3,BG112,cwebbe33@pbs.org
2023-09-29,9:50 AM,0,BG113,vmountain34@ning.com
2023-11-03,9:34 AM,2,BG114,chague35@facebook.com
2023-12-19,1:47 AM,2,BG115,jmarczyk36@desdev.cn
2024-06-22,7:36 AM,3,BG116,wlitzmann37@berkeley.edu
2024-03-27,8:08 AM,1,BG117,eflacknoe38@yellowbook.com
2024-04-06,10:17 PM,1,BG118,opendreigh39@joomla.org
2023-05-07,4:15 PM,1,BG119,hpattini3a@washington.edu
2023-04-11,5:02 PM,2,BG120,kdorrell3b@wired.com
2023-12-06,3:54 AM,0,BG121,cbrazil3c@themeforest.net
2024-06-20,6:30 AM,2,BG122,dhallaways3d@istockphoto.com
2025-01-06,8:25 PM,3,BG123,rcoffelt3e@clickbank.net
2023-01-23,5:54 AM,1,BG124,cmorlon3f@ibm.com
2024-07-25,10:20 PM,2,BG125,jadriani3g@icq.com
2023-05-27,4:35 PM,2,BG126,bhowton3h@usatoday.com
2024-10-10,6:47 AM,1,BG127,adabels3i@ted.com
2022-12-29,1:12 AM,0,BG128,hsheehan3j@mail.ru
2024-07-14,6:51 PM,1,BG129,refford3k@businessweek.com
2024-06-30,7:10 PM,3,BG130,ybazire3l@behance.net
2024-10-08,7:59 AM,1,BG131,iduck3m@mediafire.com
2023-02-13,9:28 PM,3,BG132,jliggett3n@noaa.gov
2023-09-22,6:54 PM,2,BG133,kitzkovich3o@google.de
2024-04-09,12:56 PM,3,BG134,mlangdridge3p@studiopress.com
2024-03-18,3:46 AM,0,BG135,fbalint3q@printfriendly.com
2023-06-02,7:42 PM,1,BG136,ghughlock3r@last.fm
2025-01-10,9:56 PM,3,BG137,anutten3s@xing.com
2024-09-04,5:29 AM,0,BG138,jgaraghan3t@behance.net
2023-10-04,2:31 AM,0,BG139,mtalby3u@github.io
2023-01-22,7:15 AM,3,BG140,cgiscken3v@skype.com
2024-08-15,9:26 AM,2,BG141,btroup3w@ucsd.edu
2023-03-29,10:08 PM,2,BG142,ggiron3x@mapquest.com
2024-12-17,5:09 AM,1,BG143,mconneely3y@joomla.org
2023-01-01,3:36 AM,2,BG144,bmollatt3z@yolasite.com
2025-01-24,10:37 AM,0,BG145,ywestwell40@gov.uk
2025-01-02,5:19 PM,3,BG146,mmatteris41@bandcamp.com
2023-03-01,7:41 PM,2,BG147,kzanetello42@so-net.ne.jp
2023-09-07,1:49 AM,2,BG148,kcollumbell43@flavors.me
2025-01-06,1:15 PM,0,BG149,knurse44@zdnet.com
2023-12-13,1:39 AM,0,BG150,wkock45@infoseek.co.jp
2023-01-01,4:39 PM,0,BG151,mde46@umich.edu
2023-01-08,1:04 AM,3,BG152,sforkan47@indiatimes.com
2024-08-28,7:49 PM,0,BG153,gmacginlay48@vk.com
2023-11-03,6:01 AM,0,BG154,hfrusher49@google.ca
2023-06-23,3:02 PM,0,BG155,jheaney4a@omniture.com
2024-09-30,11:28 PM,0,BG156,baudas4b@ucoz.com
2023-08-17,3:53 AM,3,BG157,ilunt4c@craigslist.org
2023-07-27,2:45 AM,1,BG158,tkrolle4d@vimeo.com
2025-01-19,7:58 PM,2,BG159,pkemble4e@opera.com
2024-12-06,9:43 PM,2,BG160,jbloys4f@miibeian.gov.cn
2024-01-12,8:38 PM,3,BG161,mdargue4g@livejournal.com
2025-01-23,1:17 PM,1,BG162,fmalin4h@google.cn
2024-11-28,11:10 PM,3,BG163,msprason4i@theguardian.com
2024-08-30,4:03 AM,1,BG164,oegdal4j@google.ca
2024-04-21,2:01 AM,1,BG165,wcurling4k@spotify.com
2024-01-10,2:34 PM,0,BG166,dchristescu4l@dailymail.co.uk
2023-10-17,2:11 AM,0,BG167,npowles4m@springer.com
2024-09-02,3:30 PM,2,BG168,lbubear4n@bluehost.com
2024-01-03,8:31 AM,2,BG169,eroff4o@github.com
2023-09-19,11:54 AM,2,BG170,mbartoszinski4p@virginia.edu
2024-06-29,5:08 PM,3,BG171,gdurtnel4q@woothemes.com
2024-05-04,8:53 PM,2,BG172,bskaid4r@livejournal.com
2023-04-12,12:37 PM,0,BG173,fmuckle4s@github.com
2024-02-26,4:31 PM,2,BG174,gsalack4t@addtoany.com
2024-04-25,3:47 PM,3,BG175,rwarrell4u@mit.edu
2023-05-13,8:59 PM,2,BG176,kdallaway4v@wix.com
2025-01-19,7:52 PM,0,BG177,ajunkinson4w@zimbio.com
2024-07-31,10:39 PM,2,BG178,hbolland4x@mozilla.org
2024-07-27,3:31 AM,2,BG179,bloxton4y@wired.com
2024-11-28,11:11 AM,3,BG180,fshearman4z@mit.edu
2023-07-08,6:25 AM,0,BG181,rpauly50@ifeng.com
2024-11-27,3:41 AM,3,BG182,dblind51@google.fr
2023-09-09,9:55 PM,2,BG183,ltorregiani52@twitpic.com
2024-02-21,12:49 AM,1,BG184,btesche53@accuweather.com
2024-03-05,11:14 AM,1,BG185,jgaspero54@google.co.uk
2023-10-01,3:14 AM,0,BG186,svarden55@sbwire.com
2023-11-22,8:59 PM,3,BG187,asaunder56@cdbaby.com
2024-02-24,10:58 AM,2,BG188,nscrannage57@list-manage.com
2024-03-27,10:35 PM,0,BG189,blockwood58@weather.com
2024-04-14,4:38 PM,2,BG190,lfairpool59@shutterfly.com
2024-05-03,2:12 PM,3,BG191,iminerdo5a@ucoz.com
2023-03-05,9:15 PM,1,BG192,fhealy5b@miibeian.gov.cn
2024-10-04,12:56 AM,2,BG193,cgwilt5c@newsvine.com
2024-05-07,7:40 PM,3,BG194,gpollie5d@sfgate.com
2023-11-22,5:40 PM,0,BG195,bfairhead5e@reference.com
2024-11-03,3:16 AM,3,BG196,dgehrts5f@cnbc.com
2023-10-21,4:37 AM,0,BG197,aducker5g@jalbum.net
2023-06-27,3:09 PM,1,BG198,bwandless5h@spotify.com
2023-10-21,11:23 PM,0,BG199,dwakeham5i@tinypic.com
2023-11-11,9:28 AM,3,BG200,ggreatbanks5j@deliciousdays.com
2023-05-06,2:23 PM,1,BG201,kspinks0@illinois.edu
2024-03-13,7:29 PM,0,BG202,aavieson1@independent.co.uk
2024-08-24,9:06 AM,0,BG203,lhazelgrove2@redcross.org
2024-05-11,2:11 AM,0,BG204,kalfonzo3@example.com
2023-07-22,6:42 AM,3,BG205,mlapish4@ustream.tv
2023-10-31,8:04 PM,1,BG206,tfetherston5@fotki.com
2023-12-16,5:31 PM,0,BG207,fbroun6@biblegateway.com
2024-10-28,1:28 PM,0,BG208,kboldero7@sourceforge.net
2023-10-03,8:32 PM,0,BG209,cabell8@freewebs.com
2022-12-01,2:08 PM,3,BG210,cstringfellow9@amazon.co.uk
2024-04-27,1:51 PM,3,BG211,dspuriera@mashable.com
2024-05-10,10:03 AM,0,BG212,gpayzeb@bizjournals.com
2024-09-30,12:08 PM,2,BG213,mroddiec@techcrunch.com
2024-04-29,6:27 PM,1,BG214,ttarrantd@ustream.tv
2024-01-13,11:58 AM,0,BG215,ekollase@pagesperso-orange.fr
2022-12-25,7:50 AM,0,BG216,bcurnessf@dyndns.org
2022-12-03,11:15 AM,1,BG217,bgellertg@seattletimes.com
2024-10-20,3:36 AM,1,BG218,pboddiceh@umn.edu
2024-06-10,11:55 AM,3,BG219,mtriplowi@guardian.co.uk
2024-07-15,9:08 AM,1,BG220,fnorledgej@apple.com
2023-03-30,8:26 AM,2,BG221,lsladerk@soup.io
2023-05-24,4:40 PM,2,BG222,wossultonl@addthis.com
2023-12-14,7:12 AM,1,BG223,mchrispm@4shared.com
2024-11-11,3:24 AM,3,BG224,pzipselln@w3.org
2022-12-03,9:34 AM,1,BG225,bmelvino@imageshack.us
2024-06-21,8:17 PM,3,BG226,codcroftp@cbsnews.com
2023-12-24,1:22 AM,0,BG227,ttzarq@usgs.gov
2023-01-20,5:25 PM,0,BG228,bfoulksr@mozilla.com
2024-09-02,8:46 AM,3,BG229,rvautreys@lulu.com
2024-10-25,12:13 AM,0,BG230,llongleyt@techcrunch.com
2024-08-12,7:29 AM,2,BG231,clardieru@behance.net
2024-10-05,4:07 AM,0,BG232,mbastonev@ovh.net
2024-03-15,12:30 PM,1,BG233,theggiew@google.es
2023-08-14,8:23 PM,3,BG234,lguttridgex@theglobeandmail.com
2024-02-09,11:33 PM,3,BG235,lgrebery@yelp.com
2023-01-06,5:12 AM,1,BG236,anewhamz@surveymonkey.com
2024-12-02,11:56 AM,3,BG237,vgrimsdell10@businessinsider.com
2022-12-29,11:16 PM,2,BG238,oocarrol11@goo.gl
2023-09-08,4:35 PM,1,BG239,aerrey12@sina.com.cn
2024-03-03,10:45 PM,2,BG240,dchilvers13@senate.gov
2023-07-11,8:19 AM,2,BG241,sguice14@sogou.com
2023-06-27,2:51 PM,1,BG242,pmasterman15@tuttocitta.it
2024-03-30,1:52 PM,3,BG243,vmccoll16@cam.ac.uk
2024-07-20,12:29 AM,2,BG244,lskilling17@elegantthemes.com
2023-12-09,6:29 PM,3,BG245,lpeploe18@odnoklassniki.ru
2024-04-30,9:33 PM,2,BG246,mhardiker19@ameblo.jp
2024-01-02,7:04 PM,3,BG247,borr1a@imageshack.us
2024-12-25,7:07 AM,3,BG248,kbrittle1b@timesonline.co.uk
2022-12-03,5:14 PM,2,BG249,abartley1c@soundcloud.com
2023-09-20,1:52 PM,0,BG250,tyoselevitch1d@sourceforge.net
2023-01-10,4:52 PM,3,BG251,cneild1e@sun.com
2023-08-08,9:54 AM,2,BG252,lcelloni1f@go.com
2024-06-04,3:57 AM,2,BG253,gsinkinson1g@ebay.com
2023-05-12,6:16 PM,2,BG254,ehaythorn1h@cnet.com
2024-08-15,3:59 AM,1,BG255,okuhlen1i@huffingtonpost.com
2022-12-18,5:52 AM,0,BG256,bromanin1j@ocn.ne.jp
2024-08-26,6:50 PM,3,BG257,sfeasby1k@shareasale.com
2023-09-17,12:12 PM,0,BG258,gdoctor1l@php.net
2023-10-28,6:14 PM,3,BG259,blohoar1m@com.com
2024-12-08,9:34 PM,2,BG260,cgeraldi1n@constantcontact.com
2024-02-10,3:05 PM,2,BG261,mpullman1o@paypal.com
2024-11-30,10:44 PM,0,BG262,cceliz1p@cnet.com
2024-02-08,10:11 PM,2,BG263,nbunkle1q@smugmug.com
2023-09-11,6:33 PM,3,BG264,ksoeiro1r@barnesandnoble.com
2024-06-18,1:31 PM,0,BG265,jazam1s@paypal.com
2023-03-24,12:31 AM,2,BG266,tlinch1t@sun.com
2024-05-11,6:46 PM,1,BG267,bjutson1u@engadget.com
2024-06-15,5:01 AM,1,BG268,glandeaux1v@mozilla.com
2023-09-02,1:54 AM,0,BG269,hbernard1w@forbes.com
2024-03-30,11:16 AM,0,BG270,wpennycord1x@aboutads.info
2024-03-23,6:10 PM,1,BG271,csiely1y@gnu.org
2025-01-12,11:56 AM,1,BG272,truseworth1z@phoca.cz
2024-05-04,9:31 PM,0,BG273,ajelk20@skyrock.com
2023-08-21,1:01 AM,0,BG274,vballchin21@geocities.jp
2023-09-02,2:37 PM,3,BG275,sanfosso22@networksolutions.com
2023-12-30,6:34 PM,1,BG276,opordall23@ihg.com
2024-06-30,4:44 PM,2,BG277,bmarousek24@blogs.com
2024-08-22,8:08 PM,2,BG278,lburman25@google.com.au
2024-09-02,10:43 AM,2,BG279,dalenichev26@wikia.com
2024-05-11,11:20 PM,1,BG280,crevens27@symantec.com
2024-10-01,12:59 PM,1,BG281,rrobken28@businessinsider.com
2024-04-10,2:32 AM,1,BG282,rstille29@i2i.jp
2024-03-01,12:12 PM,2,BG283,vkeyzor2a@bloglovin.com
2023-09-16,10:05 PM,1,BG284,wrevans2b@yahoo.com
2023-03-06,4:06 AM,1,BG285,pbayford2c@globo.com
2023-10-08,4:40 PM,3,BG286,emeharry2d@behance.net
2023-10-02,10:34 AM,1,BG287,ichown2e@zdnet.com
2024-03-28,5:38 AM,2,BG288,rlambart2f@php.net
2025-01-05,6:34 AM,1,BG289,aettery2g@chron.com
2023-06-25,7:31 AM,1,BG290,sbowton2h@bloomberg.com
2023-04-12,10:48 AM,2,BG291,ocurd2i@clickbank.net
2023-05-18,10:10 AM,3,BG292,certel2j@alibaba.com
2024-12-25,11:03 AM,2,BG293,ystratz2k@senate.gov
2023-01-06,4:37 PM,3,BG294,dchastanet2l@shutterfly.com
2024-01-08,10:38 PM,3,BG295,mlongmate2m@auda.org.au
2024-06-10,11:42 PM,1,BG296,dteall2n@vistaprint.com
2023-03-25,2:57 AM,1,BG297,dheisman2o@cmu.edu
2023-02-12,3:40 AM,2,BG298,eatlee2p@cpanel.net
2024-07-21,1:03 PM,3,BG299,apettet2q@ebay.co.uk
2024-03-18,1:20 PM,2,BG300,gswinfen2r@technorati.com
2024-01-12,6:34 PM,1,BG301,ldoge2s@vk.com
2023-07-09,4:55 PM,0,BG302,jzincke2t@a8.net
2024-02-08,9:39 AM,3,BG303,epetrolli2u@51.la
2023-10-19,12:30 AM,3,BG304,erichens2v@reverbnation.com
2023-03-11,6:08 PM,1,BG305,mhurleston2w@psu.edu
2024-07-30,5:22 PM,1,BG306,trodgerson2x@ucoz.com
2024-03-17,8:34 PM,3,BG307,bbrittain2y@merriam-webster.com
2022-12-15,10:36 AM,2,BG308,jgregorin2z@mayoclinic.com
2025-01-21,9:56 PM,2,BG309,skilfether30@ed.gov
2023-08-18,1:09 AM,2,BG310,mbenoiton31@addthis.com
2023-10-28,9:40 AM,0,BG311,sallderidge32@ucsd.edu
2024-03-15,8:37 AM,1,BG312,cwebbe33@pbs.org
2024-06-11,10:35 AM,0,BG313,vmountain34@ning.com
2023-03-23,9:53 PM,1,BG314,chague35@facebook.com
2023-05-16,5:51 PM,2,BG315,jmarczyk36@desdev.cn
2022-12-15,10:56 PM,3,BG316,wlitzmann37@berkeley.edu
2023-02-01,4:38 AM,1,BG317,eflacknoe38@yellowbook.com
2022-12-11,10:40 PM,3,BG318,opendreigh39@joomla.org
2023-09-06,12:31 PM,3,BG319,hpattini3a@washington.edu
2024-12-16,5:13 PM,1,BG320,kdorrell3b@wired.com
2023-12-31,2:49 PM,1,BG321,cbrazil3c@themeforest.net
2024-01-07,1:21 AM,0,BG322,dhallaways3d@istockphoto.com
2024-08-26,1:09 AM,1,BG323,rcoffelt3e@clickbank.net
2024-06-04,7:05 AM,1,BG324,cmorlon3f@ibm.com
2023-12-07,7:43 AM,2,BG325,jadriani3g@icq.com
2024-08-07,12:40 AM,2,BG326,bhowton3h@usatoday.com
2023-11-25,3:33 PM,1,BG327,adabels3i@ted.com
2025-01-13,7:44 AM,0,BG328,hsheehan3j@mail.ru
2022-12-23,11:25 PM,0,BG329,refford3k@businessweek.com
2023-06-28,12:29 PM,0,BG330,ybazire3l@behance.net
2024-12-02,1:01 PM,1,BG331,iduck3m@mediafire.com
2024-08-02,1:28 PM,0,BG332,jliggett3n@noaa.gov
2023-12-19,11:35 PM,2,BG333,kitzkovich3o@google.de
2022-11-24,2:40 PM,1,BG334,mlangdridge3p@studiopress.com
2023-07-16,12:29 PM,1,BG335,fbalint3q@printfriendly.com
2024-04-02,5:44 PM,0,BG336,ghughlock3r@last.fm
2024-10-25,1:14 PM,3,BG337,anutten3s@xing.com
2023-03-21,4:32 PM,3,BG338,jgaraghan3t@behance.net
2024-08-07,8:39 AM,0,BG339,mtalby3u@github.io
2024-07-11,8:16 AM,3,BG340,cgiscken3v@skype.com
2023-11-27,1:07 PM,0,BG341,btroup3w@ucsd.edu
2023-12-06,10:53 PM,2,BG342,ggiron3x@mapquest.com
2023-09-29,5:06 PM,2,BG343,mconneely3y@joomla.org
2023-07-27,5:41 PM,2,BG344,bmollatt3z@yolasite.com
2024-11-06,8:19 PM,3,BG345,ywestwell40@gov.uk
2023-06-18,11:45 PM,3,BG346,mmatteris41@bandcamp.com
2024-04-06,7:25 AM,1,BG347,kzanetello42@so-net.ne.jp
2023-12-27,1:01 PM,2,BG348,kcollumbell43@flavors.me
2024-04-20,8:23 PM,1,BG349,knurse44@zdnet.com
2024-02-10,2:24 AM,0,BG350,wkock45@infoseek.co.jp
2023-03-26,1:40 PM,3,BG351,mde46@umich.edu
2024-05-06,5:05 AM,3,BG352,sforkan47@indiatimes.com
2024-03-07,10:53 PM,3,BG353,gmacginlay48@vk.com
2022-12-21,6:58 PM,1,BG354,hfrusher49@google.ca
2023-03-12,1:12 AM,3,BG355,jheaney4a@omniture.com
2023-09-29,8:04 AM,3,BG356,baudas4b@ucoz.com
2024-10-25,12:56 AM,3,BG357,ilunt4c@craigslist.org
2023-05-10,7:35 AM,2,BG358,tkrolle4d@vimeo.com
2024-02-02,10:40 PM,1,BG359,pkemble4e@opera.com
2022-12-28,12:33 AM,3,BG360,jbloys4f@miibeian.gov.cn
2023-09-08,2:23 AM,3,BG361,mdargue4g@livejournal.com
2024-04-13,3:38 PM,2,BG362,fmalin4h@google.cn
2024-04-26,4:12 PM,1,BG363,msprason4i@theguardian.com
2024-02-25,2:24 AM,2,BG364,oegdal4j@google.ca
2022-11-30,10:44 AM,1,BG365,wcurling4k@spotify.com
2023-07-02,8:56 PM,1,BG366,dchristescu4l@dailymail.co.uk
2024-11-17,4:09 PM,2,BG367,npowles4m@springer.com
2023-01-04,12:36 AM,2,BG368,lbubear4n@bluehost.com
2024-12-03,6:48 AM,3,BG369,eroff4o@github.com
2023-01-15,12:44 PM,1,BG370,mbartoszinski4p@virginia.edu
2023-09-18,2:38 AM,1,BG371,gdurtnel4q@woothemes.com
2023-03-31,2:19 PM,1,BG372,bskaid4r@livejournal.com
2023-10-04,4:43 PM,0,BG373,fmuckle4s@github.com
2024-04-03,12:38 AM,3,BG374,gsalack4t@addtoany.com
2024-08-07,3:20 PM,0,BG375,rwarrell4u@mit.edu
2023-10-11,2:53 AM,3,BG376,kdallaway4v@wix.com
2023-06-02,5:29 AM,2,BG377,ajunkinson4w@zimbio.com
2022-11-22,9:43 AM,2,BG378,hbolland4x@mozilla.org
2024-04-22,3:47 PM,3,BG379,bloxton4y@wired.com
2024-09-11,3:12 AM,3,BG380,fshearman4z@mit.edu
2023-01-20,3:19 PM,2,BG381,rpauly50@ifeng.com
2023-08-28,1:58 PM,2,BG382,dblind51@google.fr
2024-12-16,1:40 PM,1,BG383,ltorregiani52@twitpic.com
2025-01-23,3:20 AM,1,BG384,btesche53@accuweather.com
2023-08-22,3:54 AM,1,BG385,jgaspero54@google.co.uk
2024-03-30,12:10 AM,3,BG386,svarden55@sbwire.com
2022-12-12,11:01 PM,2,BG387,asaunder56@cdbaby.com
2023-08-28,6:53 PM,1,BG388,nscrannage57@list-manage.com
2024-11-19,3:51 AM,2,BG389,blockwood58@weather.com
2024-01-03,12:24 AM,0,BG390,lfairpool59@shutterfly.com
2024-11-02,9:16 PM,2,BG391,iminerdo5a@ucoz.com
2024-01-13,4:48 AM,2,BG392,fhealy5b@miibeian.gov.cn
2023-10-17,2:41 AM,2,BG393,cgwilt5c@newsvine.com
2024-05-07,3:14 PM,1,BG394,gpollie5d@sfgate.com
2023-02-05,7:15 AM,0,BG395,bfairhead5e@reference.com
2024-01-02,8:37 AM,3,BG396,dgehrts5f@cnbc.com
2023-09-26,4:39 AM,1,BG397,aducker5g@jalbum.net
2023-10-18,4:25 PM,2,BG398,bwandless5h@spotify.com
2024-08-18,10:03 AM,3,BG399,dwakeham5i@tinypic.com
2023-05-01,2:27 PM,2,BG400.,ggreatbanks5j@deliciousdays.com
