checkoutDate,timeStamps,extendTime,movieID,email
2024-08-09,4:34 PM,3,1M,kspinks0@illinois.edu
2024-02-05,9:50 PM,0,2M,aavieson1@independent.co.uk
2023-12-08,11:34 PM,2,3M,lhazelgrove2@redcross.org
2023-10-22,11:41 AM,0,4M,kalfonzo3@example.com
2023-06-24,7:40 AM,1,5M,mlapish4@ustream.tv
2024-05-21,12:38 PM,0,6M,tfetherston5@fotki.com
2024-05-12,9:15 PM,3,7M,fbroun6@biblegateway.com
2024-09-23,6:35 PM,0,8M,kboldero7@sourceforge.net
2024-03-12,9:56 PM,2,9M,cabell8@freewebs.com
2024-03-26,11:34 AM,3,10M,cstringfellow9@amazon.co.uk
2024-11-29,8:00 AM,1,11M,dspuriera@mashable.com
2024-10-29,6:14 PM,0,12M,gpayzeb@bizjournals.com
2023-08-08,9:44 AM,3,13M,mroddiec@techcrunch.com
2023-12-15,3:58 AM,2,14M,ttarrantd@ustream.tv
2024-09-06,12:50 AM,3,15M,ekollase@pagesperso-orange.fr
2024-12-07,9:54 PM,0,16M,bcurnessf@dyndns.org
2023-03-06,10:28 AM,0,17M,bgellertg@seattletimes.com
2023-08-21,2:36 PM,3,18M,pboddiceh@umn.edu
2022-12-01,9:41 AM,1,19M,mtriplowi@guardian.co.uk
2024-10-26,12:44 AM,0,20M,fnorledgej@apple.com
2023-05-21,5:09 PM,1,21M,lsladerk@soup.io
2024-11-22,5:46 PM,2,22M,wossultonl@addthis.com
2023-12-20,4:17 AM,1,23M,mchrispm@4shared.com
2024-05-06,1:20 PM,0,24M,pzipselln@w3.org
2024-06-19,9:10 AM,0,25M,bmelvino@imageshack.us
2024-12-08,8:52 AM,1,26M,codcroftp@cbsnews.com
2023-10-11,7:11 PM,1,27M,ttzarq@usgs.gov
2023-12-26,10:13 PM,1,28M,bfoulksr@mozilla.com
2024-10-27,3:46 AM,3,29M,rvautreys@lulu.com
2022-12-01,5:16 PM,0,30M,llongleyt@techcrunch.com
2024-06-22,1:16 PM,2,31M,clardieru@behance.net
2023-02-04,10:32 AM,1,32M,mbastonev@ovh.net
2023-03-07,10:14 PM,3,33M,theggiew@google.es
2024-08-13,9:45 AM,2,34M,lguttridgex@theglobeandmail.com
2023-01-22,3:28 PM,0,35M,lgrebery@yelp.com
2023-04-09,8:14 AM,0,36M,anewhamz@surveymonkey.com
2024-02-08,8:35 AM,1,37M,vgrimsdell10@businessinsider.com
2024-09-22,3:44 AM,3,38M,oocarrol11@goo.gl
2025-01-06,6:21 AM,3,39M,aerrey12@sina.com.cn
2023-06-28,8:17 AM,0,40M,dchilvers13@senate.gov
2023-06-21,8:40 PM,2,41M,sguice14@sogou.com
2023-02-02,3:07 PM,1,42M,pmasterman15@tuttocitta.it
2024-12-14,9:49 AM,3,43M,vmccoll16@cam.ac.uk
2023-09-01,8:12 PM,2,44M,lskilling17@elegantthemes.com
2023-02-10,9:34 PM,0,45M,lpeploe18@odnoklassniki.ru
2024-07-19,1:08 PM,2,46M,mhardiker19@ameblo.jp
2023-04-04,8:48 PM,2,47M,borr1a@imageshack.us
2023-04-15,3:36 PM,2,48M,kbrittle1b@timesonline.co.uk
2024-10-25,11:55 AM,2,49M,abartley1c@soundcloud.com
2024-10-13,6:52 PM,1,50M,tyoselevitch1d@sourceforge.net
2023-06-07,10:46 PM,0,51M,cneild1e@sun.com
2024-10-07,10:50 PM,2,52M,lcelloni1f@go.com
2024-04-23,8:06 PM,1,53M,gsinkinson1g@ebay.com
2024-06-07,12:07 PM,1,54M,ehaythorn1h@cnet.com
2023-12-24,10:48 PM,0,55M,okuhlen1i@huffingtonpost.com
2023-03-19,1:43 AM,3,56M,bromanin1j@ocn.ne.jp
2024-01-23,8:12 PM,2,57M,sfeasby1k@shareasale.com
2025-01-19,3:57 AM,2,58M,gdoctor1l@php.net
2023-05-22,6:21 PM,1,59M,blohoar1m@com.com
2023-06-15,3:05 PM,0,60M,cgeraldi1n@constantcontact.com
2024-01-10,4:49 AM,2,61M,mpullman1o@paypal.com
2024-08-17,2:58 PM,3,62M,cceliz1p@cnet.com
2024-03-17,2:56 PM,0,63M,nbunkle1q@smugmug.com
2023-06-22,5:13 PM,0,64M,ksoeiro1r@barnesandnoble.com
2024-04-22,5:45 AM,1,65M,jazam1s@paypal.com
2023-09-09,9:59 PM,3,66M,tlinch1t@sun.com
2024-03-02,8:44 AM,1,67M,bjutson1u@engadget.com
2024-04-18,3:47 PM,0,68M,glandeaux1v@mozilla.com
2022-12-11,7:12 AM,2,69M,hbernard1w@forbes.com
2023-03-07,10:59 PM,2,70M,wpennycord1x@aboutads.info
2024-05-30,12:08 PM,0,71M,csiely1y@gnu.org
2023-06-14,8:38 AM,3,72M,truseworth1z@phoca.cz
2023-11-23,1:15 AM,1,73M,ajelk20@skyrock.com
2024-03-21,4:05 AM,1,74M,vballchin21@geocities.jp
2023-09-05,1:11 PM,2,75M,sanfosso22@networksolutions.com
2025-01-31,1:54 PM,2,76M,opordall23@ihg.com
2023-07-08,7:23 PM,3,77M,bmarousek24@blogs.com
2024-01-08,4:38 AM,0,78M,lburman25@google.com.au
2024-08-13,11:57 PM,0,79M,dalenichev26@wikia.com
2022-12-30,2:52 AM,0,80M,crevens27@symantec.com
2022-12-10,1:13 PM,1,81M,rrobken28@businessinsider.com
2023-03-24,11:01 PM,3,82M,rstille29@i2i.jp
2025-01-26,10:06 PM,1,83M,vkeyzor2a@bloglovin.com
2023-02-09,4:46 AM,1,84M,wrevans2b@yahoo.com
2023-02-21,7:13 AM,1,85M,pbayford2c@globo.com
2024-12-29,9:08 AM,3,86M,emeharry2d@behance.net
2023-10-23,1:32 PM,3,87M,ichown2e@zdnet.com
2023-05-27,10:08 PM,1,88M,rlambart2f@php.net
2024-04-08,6:40 AM,0,89M,aettery2g@chron.com
2024-06-17,8:12 AM,3,90M,sbowton2h@bloomberg.com
2023-02-05,4:46 AM,0,91M,ocurd2i@clickbank.net
2025-01-09,5:53 PM,0,92M,certel2j@alibaba.com
2023-04-08,2:40 PM,3,93M,ystratz2k@senate.gov
2023-03-28,8:47 PM,2,94M,dchastanet2l@shutterfly.com
2024-10-12,2:46 AM,3,95M,mlongmate2m@auda.org.au
2023-04-10,4:59 AM,2,96M,dteall2n@vistaprint.com
2023-07-21,6:32 AM,3,97M,dheisman2o@cmu.edu
2024-04-03,3:33 PM,2,98M,eatlee2p@cpanel.net
2024-06-08,6:10 AM,3,99M,apettet2q@ebay.co.uk
2022-11-22,9:41 PM,1,100M,gswinfen2r@technorati.com
2024-07-26,3:20 AM,0,101M,ldoge2s@vk.com
2024-05-11,3:11 AM,2,102M,jzincke2t@a8.net
2023-12-10,4:44 AM,1,103M,epetrolli2u@51.la
2023-06-22,6:38 PM,3,104M,erichens2v@reverbnation.com
2023-01-15,9:47 PM,0,105M,mhurleston2w@psu.edu
2024-03-28,9:05 AM,3,106M,trodgerson2x@ucoz.com
2024-05-24,3:21 PM,0,107M,bbrittain2y@merriam-webster.com
2024-03-06,2:19 PM,2,108M,jgregorin2z@mayoclinic.com
2023-01-21,10:18 PM,0,109M,skilfether30@ed.gov
2024-11-22,2:03 PM,3,110M,mbenoiton31@addthis.com
2023-04-01,3:32 PM,2,111M,sallderidge32@ucsd.edu
2024-03-23,9:16 PM,1,112M,cwebbe33@pbs.org
2025-01-26,7:29 PM,2,113M,vmountain34@ning.com
2024-02-11,6:49 AM,1,114M,chague35@facebook.com
2023-06-09,5:54 AM,2,115M,jmarczyk36@desdev.cn
2023-09-07,6:44 AM,1,116M,wlitzmann37@berkeley.edu
2022-12-18,4:11 PM,0,117M,eflacknoe38@yellowbook.com
2024-08-23,7:44 AM,0,118M,opendreigh39@joomla.org
2023-08-17,5:55 AM,3,119M,hpattini3a@washington.edu
2024-10-21,9:51 AM,3,120M,kdorrell3b@wired.com
2024-07-23,9:31 PM,3,121M,cbrazil3c@themeforest.net
2023-10-11,7:39 PM,3,122M,dhallaways3d@istockphoto.com
2024-05-22,12:35 PM,1,123M,rcoffelt3e@clickbank.net
2024-05-25,7:10 AM,3,124M,cmorlon3f@ibm.com
2023-01-05,8:44 AM,1,125M,jadriani3g@icq.com
2022-11-29,8:46 AM,2,126M,bhowton3h@usatoday.com
2023-08-02,11:47 AM,3,127M,adabels3i@ted.com
2023-07-12,4:16 PM,0,128M,hsheehan3j@mail.ru
2023-07-18,10:05 PM,0,129M,refford3k@businessweek.com
2023-04-09,7:05 AM,3,130M,ybazire3l@behance.net
2023-11-22,4:20 AM,3,131M,iduck3m@mediafire.com
2024-08-28,6:02 AM,3,132M,jliggett3n@noaa.gov
2024-07-13,11:05 AM,2,133M,kitzkovich3o@google.de
2023-06-16,6:25 AM,3,134M,mlangdridge3p@studiopress.com
2024-07-28,2:18 PM,1,135M,fbalint3q@printfriendly.com
2024-04-06,3:38 AM,1,136M,ghughlock3r@last.fm
2024-12-19,7:36 AM,1,137M,anutten3s@xing.com
2024-01-01,2:04 AM,1,138M,jgaraghan3t@behance.net
2024-04-26,9:43 PM,3,139M,mtalby3u@github.io
2024-03-20,3:56 PM,1,140M,cgiscken3v@skype.com
2024-10-06,12:00 PM,0,141M,btroup3w@ucsd.edu
2023-08-06,5:54 PM,1,142M,ggiron3x@mapquest.com
2023-01-04,10:11 PM,3,143M,mconneely3y@joomla.org
2024-10-23,3:58 AM,0,144M,bmollatt3z@yolasite.com
2023-10-24,2:04 PM,2,145M,ywestwell40@gov.uk
2023-12-14,11:58 PM,0,146M,mmatteris41@bandcamp.com
2024-07-10,10:19 AM,3,147M,kzanetello42@so-net.ne.jp
2024-06-30,8:19 AM,3,148M,kcollumbell43@flavors.me
2023-05-12,3:32 AM,1,149M,knurse44@zdnet.com
2024-04-18,11:13 PM,0,150M,wkock45@infoseek.co.jp
2024-01-03,6:34 PM,2,151M,mde46@umich.edu
2024-11-12,8:07 PM,1,152M,sforkan47@indiatimes.com
2024-09-13,6:33 AM,0,153M,gmacginlay48@vk.com
2024-07-06,2:22 PM,1,154M,hfrusher49@google.ca
2023-11-20,5:40 AM,1,155M,jheaney4a@omniture.com
2024-01-12,8:34 AM,2,156M,baudas4b@ucoz.com
2023-10-26,9:34 AM,0,157M,ilunt4c@craigslist.org
2024-03-07,10:52 AM,3,158M,tkrolle4d@vimeo.com
2024-09-13,9:23 PM,3,159M,pkemble4e@opera.com
2023-04-12,3:41 PM,3,160M,jbloys4f@miibeian.gov.cn
2023-06-11,7:33 AM,1,161M,mdargue4g@livejournal.com
2023-10-09,10:52 PM,3,162M,fmalin4h@google.cn
2023-03-11,1:56 PM,1,163M,msprason4i@theguardian.com
2024-09-29,1:23 PM,0,164M,oegdal4j@google.ca
2023-01-15,10:15 PM,2,165M,wcurling4k@spotify.com
2023-02-12,8:22 AM,1,166M,dchristescu4l@dailymail.co.uk
2023-08-19,10:41 AM,0,167M,npowles4m@springer.com
2023-09-08,9:35 PM,3,168M,lbubear4n@bluehost.com
2023-04-21,5:55 PM,1,169M,eroff4o@github.com
2023-07-31,10:17 AM,2,170M,mbartoszinski4p@virginia.edu
2023-08-15,6:54 AM,1,171M,gdurtnel4q@woothemes.com
2023-09-12,6:05 AM,3,172M,bskaid4r@livejournal.com
2023-03-29,9:34 AM,1,173M,fmuckle4s@github.com
2024-11-25,4:41 AM,0,174M,gsalack4t@addtoany.com
2023-05-25,9:41 AM,1,175M,rwarrell4u@mit.edu
2023-08-24,4:34 AM,0,176M,kdallaway4v@wix.com
2023-01-16,9:39 PM,3,177M,ajunkinson4w@zimbio.com
2024-12-09,9:19 AM,3,178M,hbolland4x@mozilla.org
2024-05-04,4:08 AM,1,179M,bloxton4y@wired.com
2023-11-09,2:56 AM,0,180M,fshearman4z@mit.edu
2024-10-08,6:44 AM,2,181M,rpauly50@ifeng.com
2024-02-27,6:02 PM,0,182M,dblind51@google.fr
2024-10-21,7:49 AM,0,183M,ltorregiani52@twitpic.com
2024-08-12,5:31 PM,0,184M,btesche53@accuweather.com
2022-12-12,6:01 PM,3,185M,jgaspero54@google.co.uk
2024-08-06,10:49 PM,3,186M,svarden55@sbwire.com
2023-07-27,3:00 AM,3,187M,asaunder56@cdbaby.com
2024-05-12,7:00 PM,0,188M,nscrannage57@list-manage.com
2023-04-22,1:51 AM,3,189M,blockwood58@weather.com
2023-05-12,1:38 PM,0,190M,lfairpool59@shutterfly.com
2023-04-03,7:12 AM,1,191M,iminerdo5a@ucoz.com
2023-10-22,9:50 PM,2,192M,fhealy5b@miibeian.gov.cn
2023-04-21,1:24 AM,1,193M,cgwilt5c@newsvine.com
2023-12-17,7:12 AM,1,194M,gpollie5d@sfgate.com
2023-12-06,6:10 PM,2,195M,bfairhead5e@reference.com
2024-03-09,1:46 AM,1,196M,dgehrts5f@cnbc.com
2023-05-05,6:16 AM,3,197M,aducker5g@jalbum.net
2023-01-31,12:40 AM,0,198M,bwandless5h@spotify.com
2025-01-05,5:42 PM,3,199M,dwakeham5i@tinypic.com
2023-07-23,11:40 AM,1,200M,ggreatbanks5j@deliciousdays.com
2023-11-18,10:50 AM,1,201M,kspinks0@illinois.edu
2023-07-22,4:54 PM,2,202M,aavieson1@independent.co.uk
2024-11-28,2:36 AM,3,203M,lhazelgrove2@redcross.org
2023-05-17,3:37 AM,3,204M,kalfonzo3@example.com
2023-06-08,1:09 PM,0,205M,mlapish4@ustream.tv
2023-07-11,8:58 AM,2,206M,tfetherston5@fotki.com
2023-01-31,8:31 PM,1,207M,fbroun6@biblegateway.com
2024-02-17,12:02 PM,2,208M,kboldero7@sourceforge.net
2024-08-18,12:12 PM,0,209M,cabell8@freewebs.com
2024-09-17,11:40 PM,1,210M,cstringfellow9@amazon.co.uk
2025-01-25,2:38 AM,2,211M,dspuriera@mashable.com
2023-09-12,12:00 AM,0,212M,gpayzeb@bizjournals.com
2023-01-30,5:36 PM,0,213M,mroddiec@techcrunch.com
2023-02-01,2:28 PM,2,214M,ttarrantd@ustream.tv
2023-12-06,11:36 AM,3,215M,ekollase@pagesperso-orange.fr
2024-07-12,6:33 PM,2,216M,bcurnessf@dyndns.org
2023-05-03,3:33 PM,0,217M,bgellertg@seattletimes.com
2023-11-17,6:32 PM,2,218M,pboddiceh@umn.edu
2023-11-13,4:41 PM,0,219M,mtriplowi@guardian.co.uk
2023-12-25,4:24 PM,3,220M,fnorledgej@apple.com
2023-05-21,1:40 PM,0,221M,lsladerk@soup.io
2024-06-04,4:57 PM,1,222M,wossultonl@addthis.com
2023-05-13,5:23 PM,3,223M,mchrispm@4shared.com
2024-12-01,3:13 AM,1,224M,pzipselln@w3.org
2024-09-21,8:05 PM,2,225M,bmelvino@imageshack.us
2024-12-03,6:10 PM,0,226M,codcroftp@cbsnews.com
2023-02-01,6:19 AM,3,227M,ttzarq@usgs.gov
2024-12-04,5:33 AM,2,228M,bfoulksr@mozilla.com
2024-08-14,11:16 AM,1,229M,rvautreys@lulu.com
2024-03-06,7:16 AM,2,230M,llongleyt@techcrunch.com
2024-08-03,9:24 PM,0,231M,clardieru@behance.net
2023-03-23,4:08 PM,3,232M,mbastonev@ovh.net
2024-09-18,4:21 PM,3,233M,theggiew@google.es
2023-08-24,2:22 PM,2,234M,lguttridgex@theglobeandmail.com
2024-02-01,7:02 PM,3,235M,lgrebery@yelp.com
2023-08-02,12:51 AM,0,236M,anewhamz@surveymonkey.com
2024-01-16,9:56 AM,3,237M,vgrimsdell10@businessinsider.com
2023-08-05,1:37 AM,0,238M,oocarrol11@goo.gl
2023-11-02,10:15 AM,0,239M,aerrey12@sina.com.cn
2023-06-05,1:42 AM,3,240M,dchilvers13@senate.gov
2023-02-11,2:49 AM,0,241M,sguice14@sogou.com
2024-05-21,1:45 AM,0,242M,pmasterman15@tuttocitta.it
2023-06-24,8:42 PM,0,243M,vmccoll16@cam.ac.uk
2023-09-20,9:50 PM,0,244M,lskilling17@elegantthemes.com
2023-08-05,8:32 PM,1,245M,lpeploe18@odnoklassniki.ru
2024-10-15,4:49 PM,1,246M,mhardiker19@ameblo.jp
2023-11-03,11:57 AM,2,247M,borr1a@imageshack.us
2024-09-09,3:22 AM,2,248M,kbrittle1b@timesonline.co.uk
2024-05-29,2:17 AM,1,249M,abartley1c@soundcloud.com
2024-04-23,6:27 AM,1,250M,tyoselevitch1d@sourceforge.net
2024-12-06,9:09 PM,0,251M,cneild1e@sun.com
2023-10-17,5:16 AM,2,252M,lcelloni1f@go.com
2022-12-22,12:46 PM,3,253M,gsinkinson1g@ebay.com
2023-10-11,2:58 PM,2,254M,ehaythorn1h@cnet.com
2023-08-22,9:23 PM,0,255M,okuhlen1i@huffingtonpost.com
2024-05-04,9:01 PM,0,256M,bromanin1j@ocn.ne.jp
2023-03-27,10:47 AM,0,257M,sfeasby1k@shareasale.com
2023-09-07,4:55 AM,0,258M,gdoctor1l@php.net
2024-05-02,5:03 PM,2,259M,blohoar1m@com.com
2024-04-26,2:53 PM,2,260M,cgeraldi1n@constantcontact.com
2023-03-10,10:38 PM,1,261M,mpullman1o@paypal.com
2024-04-10,10:16 PM,3,262M,cceliz1p@cnet.com
2023-01-15,12:31 AM,0,263M,nbunkle1q@smugmug.com
2024-01-05,8:46 PM,0,264M,ksoeiro1r@barnesandnoble.com
2023-12-10,11:56 AM,0,265M,jazam1s@paypal.com
2024-07-06,1:14 AM,2,266M,tlinch1t@sun.com
2023-10-11,7:58 PM,3,267M,bjutson1u@engadget.com
2024-04-30,9:58 PM,1,268M,glandeaux1v@mozilla.com
2024-07-19,8:01 AM,2,269M,hbernard1w@forbes.com
2025-01-06,3:47 AM,1,270M,wpennycord1x@aboutads.info
2024-08-26,2:06 AM,2,271M,csiely1y@gnu.org
2023-08-10,1:30 PM,0,272M,truseworth1z@phoca.cz
2024-10-14,9:28 PM,0,273M,ajelk20@skyrock.com
2023-10-30,9:43 AM,2,274M,vballchin21@geocities.jp
2024-12-01,6:54 AM,2,275M,sanfosso22@networksolutions.com
2024-11-26,10:33 AM,3,276M,opordall23@ihg.com
2023-03-02,8:47 AM,2,277M,bmarousek24@blogs.com
2024-04-13,2:25 PM,0,278M,lburman25@google.com.au
2025-01-25,7:28 AM,2,279M,dalenichev26@wikia.com
2024-02-10,1:41 PM,0,280M,crevens27@symantec.com
2024-06-03,1:15 PM,1,281M,rrobken28@businessinsider.com
2024-12-16,4:28 AM,3,282M,rstille29@i2i.jp
2024-04-02,7:15 AM,3,283M,vkeyzor2a@bloglovin.com
2023-10-05,5:20 AM,0,284M,wrevans2b@yahoo.com
2024-07-31,11:14 PM,0,285M,pbayford2c@globo.com
2022-11-24,3:19 PM,0,286M,emeharry2d@behance.net
2023-05-23,2:56 AM,2,287M,ichown2e@zdnet.com
2024-04-13,1:19 AM,1,288M,rlambart2f@php.net
2024-06-27,3:15 AM,3,289M,aettery2g@chron.com
2024-08-17,11:27 AM,0,290M,sbowton2h@bloomberg.com
2024-01-26,5:51 PM,0,291M,ocurd2i@clickbank.net
2023-03-26,4:30 PM,1,292M,certel2j@alibaba.com
2024-10-27,9:35 PM,0,293M,ystratz2k@senate.gov
2024-11-27,6:28 AM,0,294M,dchastanet2l@shutterfly.com
2024-07-30,8:28 PM,2,295M,mlongmate2m@auda.org.au
2024-05-30,6:19 PM,3,296M,dteall2n@vistaprint.com
2023-12-09,9:51 PM,0,297M,dheisman2o@cmu.edu
2024-04-26,10:18 AM,1,298M,eatlee2p@cpanel.net
2023-03-24,7:27 PM,1,299M,apettet2q@ebay.co.uk
2023-04-01,12:01 PM,2,300M,gswinfen2r@technorati.com
2024-12-19,7:59 AM,0,301M,ldoge2s@vk.com
2024-09-11,10:38 PM,1,302M,jzincke2t@a8.net
2024-01-11,3:59 AM,2,303M,epetrolli2u@51.la
2024-03-23,5:37 PM,3,304M,erichens2v@reverbnation.com
2024-01-19,1:27 PM,2,305M,mhurleston2w@psu.edu
2023-04-08,7:40 AM,3,306M,trodgerson2x@ucoz.com
2023-03-09,7:14 PM,2,307M,bbrittain2y@merriam-webster.com
2024-10-20,11:34 AM,0,308M,jgregorin2z@mayoclinic.com
2024-05-10,5:53 PM,2,309M,skilfether30@ed.gov
2023-01-05,7:36 PM,2,310M,mbenoiton31@addthis.com
2023-02-02,11:21 PM,1,311M,sallderidge32@ucsd.edu
2024-07-13,10:07 AM,0,312M,cwebbe33@pbs.org
2024-02-20,9:41 AM,1,313M,vmountain34@ning.com
2024-07-26,12:29 PM,2,314M,chague35@facebook.com
2023-02-06,3:37 PM,3,315M,jmarczyk36@desdev.cn
2024-03-06,5:51 AM,3,316M,wlitzmann37@berkeley.edu
2023-03-12,12:04 AM,2,317M,eflacknoe38@yellowbook.com
2024-01-25,3:28 PM,0,318M,opendreigh39@joomla.org
2023-08-16,10:44 PM,3,319M,hpattini3a@washington.edu
2024-02-03,11:57 AM,1,320M,kdorrell3b@wired.com
2023-06-24,8:00 PM,3,321M,cbrazil3c@themeforest.net
2023-12-07,2:23 PM,2,322M,dhallaways3d@istockphoto.com
2024-04-21,7:04 PM,3,323M,rcoffelt3e@clickbank.net
2024-12-18,10:14 AM,1,324M,cmorlon3f@ibm.com
2023-06-07,7:31 AM,3,325M,jadriani3g@icq.com
2023-06-14,1:50 PM,3,326M,bhowton3h@usatoday.com
2023-08-12,12:27 AM,1,327M,adabels3i@ted.com
2024-04-14,2:25 PM,2,328M,hsheehan3j@mail.ru
2024-06-25,11:32 PM,3,329M,refford3k@businessweek.com
2024-03-07,7:45 AM,1,330M,ybazire3l@behance.net
2023-04-11,2:20 PM,1,331M,iduck3m@mediafire.com
2023-04-02,1:34 PM,1,332M,jliggett3n@noaa.gov
2024-06-21,8:07 AM,3,333M,kitzkovich3o@google.de
2024-05-20,3:08 AM,2,334M,mlangdridge3p@studiopress.com
2024-10-18,10:18 AM,1,335M,fbalint3q@printfriendly.com
2023-10-27,4:58 AM,1,336M,ghughlock3r@last.fm
2024-08-01,6:38 PM,0,337M,anutten3s@xing.com
2024-04-28,1:57 AM,2,338M,jgaraghan3t@behance.net
2024-11-15,4:51 AM,3,339M,mtalby3u@github.io
2023-11-14,6:00 AM,3,340M,cgiscken3v@skype.com
2024-10-09,6:15 PM,1,341M,btroup3w@ucsd.edu
2023-03-02,11:37 PM,1,342M,ggiron3x@mapquest.com
2024-02-14,11:23 PM,1,343M,mconneely3y@joomla.org
2025-01-08,9:06 PM,2,344M,bmollatt3z@yolasite.com
2024-03-28,5:15 AM,0,345M,ywestwell40@gov.uk
2023-04-28,12:21 PM,0,346M,mmatteris41@bandcamp.com
2024-06-02,9:35 AM,2,347M,kzanetello42@so-net.ne.jp
2023-12-30,6:14 AM,2,348M,kcollumbell43@flavors.me
2024-05-02,10:28 AM,1,349M,knurse44@zdnet.com
2024-08-13,8:06 AM,0,350M,wkock45@infoseek.co.jp
2024-12-24,12:53 PM,3,351M,mde46@umich.edu
2024-09-29,4:04 AM,2,352M,sforkan47@indiatimes.com
2024-09-22,4:20 AM,0,353M,gmacginlay48@vk.com
2024-06-04,7:01 PM,2,354M,hfrusher49@google.ca
2023-06-14,7:21 AM,0,355M,jheaney4a@omniture.com
2023-08-11,10:07 AM,1,356M,baudas4b@ucoz.com
2023-10-31,8:50 AM,1,357M,ilunt4c@craigslist.org
2024-04-28,4:39 PM,1,358M,tkrolle4d@vimeo.com
2024-06-01,3:25 PM,1,359M,pkemble4e@opera.com
2024-05-18,5:23 AM,0,360M,jbloys4f@miibeian.gov.cn
2023-09-04,8:56 PM,2,361M,mdargue4g@livejournal.com
2022-12-09,4:20 PM,2,362M,fmalin4h@google.cn
2023-10-07,12:47 AM,0,363M,msprason4i@theguardian.com
2023-03-10,10:11 AM,3,364M,oegdal4j@google.ca
2025-01-24,5:46 AM,3,365M,wcurling4k@spotify.com
2024-10-18,1:41 AM,1,366M,dchristescu4l@dailymail.co.uk
2024-09-15,9:44 AM,3,367M,npowles4m@springer.com
2025-01-10,2:14 AM,1,368M,lbubear4n@bluehost.com
2023-06-21,3:07 AM,0,369M,eroff4o@github.com
2024-04-08,12:01 AM,2,370M,mbartoszinski4p@virginia.edu
2024-10-10,6:11 PM,1,371M,gdurtnel4q@woothemes.com
2023-10-15,5:44 PM,0,372M,bskaid4r@livejournal.com
2024-04-16,2:30 PM,3,373M,fmuckle4s@github.com
2023-05-17,8:16 PM,1,374M,gsalack4t@addtoany.com
2023-05-28,5:09 PM,3,375M,rwarrell4u@mit.edu
2023-06-29,3:50 PM,2,376M,kdallaway4v@wix.com
2023-03-25,7:23 AM,0,377M,ajunkinson4w@zimbio.com
2023-02-25,10:28 AM,2,378M,hbolland4x@mozilla.org
2023-02-05,3:35 AM,3,379M,bloxton4y@wired.com
2024-10-30,4:42 AM,2,380M,fshearman4z@mit.edu
2024-04-26,10:34 AM,3,381M,rpauly50@ifeng.com
2023-02-24,2:08 PM,1,382M,dblind51@google.fr
2024-09-22,1:56 AM,3,383M,ltorregiani52@twitpic.com
2024-07-20,3:07 PM,0,384M,btesche53@accuweather.com
2023-04-19,10:19 PM,1,385M,jgaspero54@google.co.uk
2023-06-05,8:33 AM,0,386M,svarden55@sbwire.com
2023-02-09,5:56 AM,1,387M,asaunder56@cdbaby.com
2023-06-23,4:52 AM,3,388M,nscrannage57@list-manage.com
2023-04-19,10:16 AM,3,389M,blockwood58@weather.com
2024-06-12,9:37 AM,2,390M,lfairpool59@shutterfly.com
2023-05-06,8:48 PM,2,391M,iminerdo5a@ucoz.com
2025-01-08,10:30 AM,1,392M,fhealy5b@miibeian.gov.cn
2024-10-21,9:15 AM,3,393M,cgwilt5c@newsvine.com
2025-01-05,10:41 PM,2,394M,gpollie5d@sfgate.com
2023-08-19,3:02 PM,0,395M,bfairhead5e@reference.com
2024-07-29,10:14 AM,3,396M,dgehrts5f@cnbc.com
2023-10-11,3:22 PM,0,397M,aducker5g@jalbum.net
2024-01-27,11:53 AM,1,398M,bwandless5h@spotify.com
2024-07-01,9:56 AM,1,399M,dwakeham5i@tinypic.com
2023-02-19,6:33 AM,3,400M,ggreatbanks5j@deliciousdays.com
