checkoutDate,timeStamps,extendTime,computerID,email
2024-07-02,10:01 PM,0,C1,kspinks0@illinois.edu
2023-08-01,1:08 AM,1,C2,aavieson1@independent.co.uk
2023-07-06,4:47 PM,0,C3,lhazelgrove2@redcross.org
2023-10-13,4:35 PM,0,C4,kalfonzo3@example.com
2023-03-24,6:43 AM,2,C5,mlapish4@ustream.tv
2025-01-04,12:44 PM,0,C6,tfetherston5@fotki.com
2025-01-02,8:58 AM,1,C7,fbroun6@biblegateway.com
2023-12-24,10:50 PM,3,C8,kboldero7@sourceforge.net
2023-06-09,3:32 AM,3,C9,cabell8@freewebs.com
2023-03-13,9:15 AM,0,C10,cstringfellow9@amazon.co.uk
2024-01-20,9:48 PM,3,C11,dspuriera@mashable.com
2024-08-16,10:25 PM,3,C12,gpayzeb@bizjournals.com
2022-12-23,11:46 AM,3,C13,mroddiec@techcrunch.com
2024-03-29,1:11 AM,2,C14,ttarrantd@ustream.tv
2024-05-25,5:38 PM,2,C15,ekollase@pagesperso-orange.fr
2023-10-02,5:53 AM,2,C16,bcurnessf@dyndns.org
2024-02-06,1:42 PM,0,C17,bgellertg@seattletimes.com
2023-06-10,6:27 PM,0,C18,pboddiceh@umn.edu
2024-01-27,5:57 PM,0,C19,mtriplowi@guardian.co.uk
2023-10-26,10:44 AM,2,C20,fnorledgej@apple.com
2024-05-28,3:34 AM,2,C21,lsladerk@soup.io
2023-08-13,7:35 AM,2,C22,wossultonl@addthis.com
2024-06-16,6:55 PM,2,C23,mchrispm@4shared.com
2023-09-15,10:12 AM,1,C24,pzipselln@w3.org
2023-12-02,8:06 AM,2,C25,bmelvino@imageshack.us
2024-11-21,9:47 PM,2,C26,codcroftp@cbsnews.com
2024-03-09,9:06 PM,3,C27,ttzarq@usgs.gov
2023-11-08,8:15 AM,1,C28,bfoulksr@mozilla.com
2024-08-13,4:51 PM,2,C29,rvautreys@lulu.com
2024-12-29,5:03 PM,3,C30,llongleyt@techcrunch.com
2025-01-23,2:00 AM,3,C31,clardieru@behance.net
2024-02-09,1:12 AM,2,C32,mbastonev@ovh.net
2024-07-31,5:39 AM,0,C33,theggiew@google.es
2025-01-09,5:38 AM,3,C34,lguttridgex@theglobeandmail.com
2023-05-28,1:30 AM,2,C35,lgrebery@yelp.com
2024-05-30,9:52 AM,1,C36,anewhamz@surveymonkey.com
2023-07-26,2:47 PM,3,C37,vgrimsdell10@businessinsider.com
2024-03-14,2:18 PM,3,C38,oocarrol11@goo.gl
2023-06-12,2:40 PM,3,C39,aerrey12@sina.com.cn
2025-01-14,2:13 AM,3,C40,dchilvers13@senate.gov
2023-05-05,2:52 AM,2,C41,sguice14@sogou.com
2023-04-11,12:44 AM,1,C42,pmasterman15@tuttocitta.it
2024-06-29,1:23 PM,0,C43,vmccoll16@cam.ac.uk
2023-10-31,8:26 PM,3,C44,lskilling17@elegantthemes.com
2023-07-10,9:21 PM,2,C45,lpeploe18@odnoklassniki.ru
2024-07-09,3:20 AM,1,C46,mhardiker19@ameblo.jp
2024-12-07,10:06 PM,3,C47,borr1a@imageshack.us
2023-12-03,9:24 AM,2,C48,kbrittle1b@timesonline.co.uk
2024-11-14,7:58 AM,0,C49,abartley1c@soundcloud.com
2023-12-21,7:03 AM,3,C50,tyoselevitch1d@sourceforge.net
2024-10-06,12:44 AM,3,C51,cneild1e@sun.com
2023-08-19,4:00 AM,0,C52,lcelloni1f@go.com
2023-08-11,12:00 AM,0,C53,gsinkinson1g@ebay.com
2023-04-24,6:09 PM,3,C54,ehaythorn1h@cnet.com
2023-03-29,7:32 PM,0,C55,okuhlen1i@huffingtonpost.com
2023-12-17,2:26 AM,1,C56,bromanin1j@ocn.ne.jp
2024-09-28,1:11 PM,2,C57,sfeasby1k@shareasale.com
2023-01-14,1:48 PM,0,C58,gdoctor1l@php.net
2023-01-07,9:00 AM,2,C59,blohoar1m@com.com
2023-04-01,3:52 PM,3,C60,cgeraldi1n@constantcontact.com
2024-06-29,11:31 AM,3,C61,mpullman1o@paypal.com
2024-01-07,2:44 PM,2,C62,cceliz1p@cnet.com
2023-07-30,5:45 PM,0,C63,nbunkle1q@smugmug.com
2023-06-04,12:03 AM,0,C64,ksoeiro1r@barnesandnoble.com
2025-01-01,10:43 PM,0,C65,jazam1s@paypal.com
2023-05-21,1:56 PM,1,C66,tlinch1t@sun.com
2024-03-20,6:41 AM,0,C67,bjutson1u@engadget.com
2024-08-31,7:28 AM,1,C68,glandeaux1v@mozilla.com
2022-12-01,5:30 PM,2,C69,hbernard1w@forbes.com
2023-01-15,2:50 AM,3,C70,wpennycord1x@aboutads.info
2023-02-05,2:29 AM,3,C71,csiely1y@gnu.org
2024-12-17,1:58 PM,1,C72,truseworth1z@phoca.cz
2024-06-23,6:09 PM,0,C73,ajelk20@skyrock.com
2024-09-22,8:25 PM,2,C74,vballchin21@geocities.jp
2024-05-17,1:34 AM,2,C75,sanfosso22@networksolutions.com
2024-04-04,8:25 AM,2,C76,opordall23@ihg.com
2024-07-10,8:39 AM,2,C77,bmarousek24@blogs.com
2023-08-09,1:33 AM,3,C78,lburman25@google.com.au
2024-03-02,11:19 PM,2,C79,dalenichev26@wikia.com
2024-03-24,3:15 PM,3,C80,crevens27@symantec.com
2024-07-09,2:06 PM,3,C81,rrobken28@businessinsider.com
2024-11-27,3:57 AM,0,C82,rstille29@i2i.jp
2023-05-03,11:10 PM,2,C83,vkeyzor2a@bloglovin.com
2023-10-31,6:45 AM,0,C84,wrevans2b@yahoo.com
2024-11-24,1:11 PM,1,C85,pbayford2c@globo.com
2023-10-20,12:36 PM,2,C86,emeharry2d@behance.net
2024-08-09,10:12 PM,1,C87,ichown2e@zdnet.com
2023-07-07,12:18 PM,0,C88,rlambart2f@php.net
2023-04-16,6:32 AM,2,C89,aettery2g@chron.com
2025-01-03,6:42 AM,0,C90,sbowton2h@bloomberg.com
2024-08-02,3:23 AM,0,C91,ocurd2i@clickbank.net
2024-03-27,6:14 AM,1,C92,certel2j@alibaba.com
2023-10-06,5:04 PM,0,C93,ystratz2k@senate.gov
2023-05-19,8:25 PM,3,C94,dchastanet2l@shutterfly.com
2024-10-20,12:33 PM,3,C95,mlongmate2m@auda.org.au
2023-02-25,12:50 PM,3,C96,dteall2n@vistaprint.com
2022-12-29,6:51 AM,2,C97,dheisman2o@cmu.edu
2023-10-21,3:47 AM,2,C98,eatlee2p@cpanel.net
2023-07-15,10:37 PM,2,C99,apettet2q@ebay.co.uk
2023-02-18,1:47 AM,3,C100,gswinfen2r@technorati.com
