checkoutDate,timeStamps,extendTime,bookID,email
2023-06-02,"7:18 AM",3,2B,aavieson1@independent.co.uk
2023-12-28,"1:01 PM",2,49B,abartley1c@soundcloud.com
2023-08-13,"9:26 AM",0,127B,adabels3i@ted.com
2023-07-09,"7:19 AM",2,197B,aducker5g@jalbum.net
2023-09-11,"6:19 AM",3,39B,aerrey12@sina.com.cn
2023-10-21,"9:06 AM",0,89B,aettery2g@chron.com
2023-06-13,"7:31 AM",3,73B,ajelk20@skyrock.com
2023-04-28,"4:35 AM",1,177B,ajunkinson4w@zimbio.com
2023-07-03,"12:53 AM",1,36B,anewhamz@surveymonkey.com
2022-12-23,"9:38 PM",1,137B,anutten3s@xing.com
2023-03-30,"6:36 PM",0,99B,apettet2q@ebay.co.uk
2023-12-28,"11:46 AM",1,187B,asaunder56@cdbaby.com
2023-09-29,"11:41 PM",0,156B,baudas4b@ucoz.com
2023-02-01,"5:09 PM",0,107B,bbrittain2y@merriam-webster.com
2023-11-28,"2:18 PM",2,16B,bcurnessf@dyndns.org
2023-05-15,"12:16 AM",0,195B,bfairhead5e@reference.com
2023-03-09,"11:43 PM",2,28B,bfoulksr@mozilla.com
2023-03-24,"8:52 PM",1,17B,bgellertg@seattletimes.com
2022-12-14,"2:12 PM",2,126B,bhowton3h@usatoday.com
2023-11-21,"8:36 AM",1,67B,bjutson1u@engadget.com
2023-07-02,"7:31 PM",1,189B,blockwood58@weather.com
2023-09-08,"3:21 AM",2,59B,blohoar1m@com.com
2023-10-01,"10:44 AM",3,179B,bloxton4y@wired.com
2023-06-18,"10:19 AM",2,77B,bmarousek24@blogs.com
2023-01-17,"5:38 PM",1,25B,bmelvino@imageshack.us
2023-11-14,"7:14 PM",3,144B,bmollatt3z@yolasite.com
2023-08-15,"4:21 AM",2,47B,borr1a@imageshack.us
2023-02-04,"2:46 AM",3,56B,bromanin1j@ocn.ne.jp
2023-04-29,"11:41 PM",1,172B,bskaid4r@livejournal.com
2023-09-27,"12:41 AM",2,184B,btesche53@accuweather.com
2023-08-27,"6:58 AM",2,141B,btroup3w@ucsd.edu
2023-03-11,"1:52 PM",3,198B,bwandless5h@spotify.com
2023-07-22,"1:30 AM",1,9B,cabell8@freewebs.com
2023-12-13,"10:15 AM",3,121B,cbrazil3c@themeforest.net
2023-02-08,"7:43 AM",1,62B,cceliz1p@cnet.com
2023-11-17,"3:57 AM",2,92B,certel2j@alibaba.com
2023-07-18,"12:55 PM",2,60B,cgeraldi1n@constantcontact.com
2023-11-13,"7:02 PM",0,140B,cgiscken3v@skype.com
2023-12-20,"4:26 AM",0,193B,cgwilt5c@newsvine.com
2023-03-09,"5:26 AM",0,114B,chague35@facebook.com
2023-02-25,"10:58 PM",1,31B,clardieru@behance.net
2022-12-05,"10:45 AM",3,124B,cmorlon3f@ibm.com
2023-11-07,"3:35 PM",3,51B,cneild1e@sun.com
2023-01-13,"12:25 AM",2,26B,codcroftp@cbsnews.com
2022-12-22,"8:09 PM",3,80B,crevens27@symantec.com
2023-10-19,"11:21 AM",1,71B,csiely1y@gnu.org
2023-05-09,"2:16 PM",1,10B,cstringfellow9@amazon.co.uk
2022-12-12,"8:56 PM",3,112B,cwebbe33@pbs.org
2023-09-23,"6:50 AM",1,79B,dalenichev26@wikia.com
2023-04-29,"5:59 AM",2,182B,dblind51@google.fr
2023-11-28,"10:44 AM",3,94B,dchastanet2l@shutterfly.com
2023-10-28,"8:29 AM",0,40B,dchilvers13@senate.gov
2023-05-28,"12:26 AM",2,166B,dchristescu4l@dailymail.co.uk
2023-11-19,"12:33 AM",2,196B,dgehrts5f@cnbc.com
2023-10-24,"11:25 PM",1,122B,dhallaways3d@istockphoto.com
2023-12-28,"2:57 PM",0,97B,dheisman2o@cmu.edu
2023-12-16,"8:15 PM",1,11B,dspuriera@mashable.com
2023-03-31,"7:58 PM",0,96B,dteall2n@vistaprint.com
2023-06-23,"9:15 AM",2,199B,dwakeham5i@tinypic.com
2023-01-19,"1:14 AM",0,98B,eatlee2p@cpanel.net
2023-12-10,"2:31 PM",2,117B,eflacknoe38@yellowbook.com
2023-10-01,"8:24 PM",0,54B,ehaythorn1h@cnet.com
2023-08-24,"12:46 PM",3,15B,ekollase@pagesperso-orange.fr
2023-11-24,"9:04 AM",0,86B,emeharry2d@behance.net
2023-09-01,"9:53 AM",2,103B,epetrolli2u@51.la
2023-10-31,"6:34 AM",3,104B,erichens2v@reverbnation.com
2022-11-29,"9:22 PM",1,169B,eroff4o@github.com
2022-12-04,"10:18 AM",1,135B,fbalint3q@printfriendly.com
2023-03-24,"1:36 AM",0,7B,fbroun6@biblegateway.com
2023-10-08,"7:51 PM",3,192B,fhealy5b@miibeian.gov.cn
2023-08-06,"7:52 AM",3,162B,fmalin4h@google.cn
2023-11-02,"7:52 PM",0,173B,fmuckle4s@github.com
2023-02-23,"5:01 PM",2,20B,fnorledgej@apple.com
2023-10-21,"6:24 PM",1,180B,fshearman4z@mit.edu
2023-04-11,"12:34 AM",2,58B,gdoctor1l@php.net
2023-04-09,"2:56 AM",0,171B,gdurtnel4q@woothemes.com
2023-11-20,"2:48 AM",2,142B,ggiron3x@mapquest.com
2022-11-27,"8:49 AM",2,136B,ghughlock3r@last.fm
2023-09-24,"1:00 PM",2,68B,glandeaux1v@mozilla.com
2023-06-01,"4:08 PM",3,153B,gmacginlay48@vk.com
2022-12-21,"3:54 AM",2,12B,gpayzeb@bizjournals.com
2023-05-27,"5:45 AM",1,194B,gpollie5d@sfgate.com
2023-05-10,"9:14 AM",1,174B,gsalack4t@addtoany.com
2022-12-22,"4:01 PM",1,53B,gsinkinson1g@ebay.com
2023-09-04,"3:17 AM",3,100B,gswinfen2r@technorati.com
2023-08-31,"6:32 PM",2,69B,hbernard1w@forbes.com
2023-09-25,"3:23 AM",3,178B,hbolland4x@mozilla.org
2023-11-12,"5:28 AM",0,154B,hfrusher49@google.ca
2023-12-13,"6:06 PM",0,119B,hpattini3a@washington.edu
2022-12-25,"2:49 AM",3,128B,hsheehan3j@mail.ru
2023-10-24,"4:02 PM",0,87B,ichown2e@zdnet.com
2023-09-17,"10:13 PM",1,131B,iduck3m@mediafire.com
2023-09-29,"1:20 AM",0,157B,ilunt4c@craigslist.org
2023-10-29,"1:26 AM",3,191B,iminerdo5a@ucoz.com
2023-09-16,"2:18 PM",1,125B,jadriani3g@icq.com
2023-03-24,"7:21 AM",1,65B,jazam1s@paypal.com
2023-10-01,"2:29 PM",2,160B,jbloys4f@miibeian.gov.cn
2023-12-12,"9:51 AM",1,138B,jgaraghan3t@behance.net
2023-07-12,"11:16 AM",0,185B,jgaspero54@google.co.uk
2023-05-01,"10:09 AM",2,108B,jgregorin2z@mayoclinic.com
2022-12-29,"7:25 AM",1,155B,jheaney4a@omniture.com
2023-07-07,"4:13 AM",2,132B,jliggett3n@noaa.gov
2023-12-29,"5:05 PM",1,115B,jmarczyk36@desdev.cn
2023-05-02,"11:39 AM",0,102B,jzincke2t@a8.net
2023-08-10,"7:22 PM",1,4B,kalfonzo3@example.com
2023-05-04,"3:05 AM",1,8B,kboldero7@sourceforge.net
2023-06-21,"4:40 PM",3,48B,kbrittle1b@timesonline.co.uk
2023-10-13,"8:21 AM",2,148B,kcollumbell43@flavors.me
2023-02-18,"3:20 PM",2,176B,kdallaway4v@wix.com
2023-03-29,"8:29 PM",2,120B,kdorrell3b@wired.com
2023-11-06,"4:11 AM",0,133B,kitzkovich3o@google.de
2023-06-09,"12:29 AM",3,149B,knurse44@zdnet.com
2022-11-24,"1:16 PM",2,64B,ksoeiro1r@barnesandnoble.com
2023-07-21,"1:59 AM",3,1B,kspinks0@illinois.edu
2023-01-09,"2:27 AM",0,200B,kspinks0@illinois.edu
2023-09-11,"1:27 PM",3,147B,kzanetello42@so-net.ne.jp
2023-07-03,"9:46 PM",0,168B,lbubear4n@bluehost.com
2023-07-11,"12:45 PM",1,78B,lburman25@google.com.au
2023-12-20,"5:31 PM",1,52B,lcelloni1f@go.com
2023-02-03,"5:16 PM",3,101B,ldoge2s@vk.com
2023-12-20,"11:19 PM",0,190B,lfairpool59@shutterfly.com
2023-08-07,"12:48 PM",2,35B,lgrebery@yelp.com
2023-11-23,"9:36 AM",0,34B,lguttridgex@theglobeandmail.com
2023-07-07,"8:31 PM",1,3B,lhazelgrove2@redcross.org
2023-10-28,"2:46 PM",1,30B,llongleyt@techcrunch.com
2023-10-01,"12:32 PM",3,45B,lpeploe18@odnoklassniki.ru
2023-08-30,"5:28 PM",0,44B,lskilling17@elegantthemes.com
2023-06-29,"2:26 AM",0,21B,lsladerk@soup.io
2023-09-25,"6:46 PM",0,183B,ltorregiani52@twitpic.com
2023-06-17,"12:35 AM",2,170B,mbartoszinski4p@virginia.edu
2023-04-15,"8:43 PM",2,32B,mbastonev@ovh.net
2023-02-24,"8:05 AM",1,110B,mbenoiton31@addthis.com
2022-12-27,"5:13 PM",3,23B,mchrispm@4shared.com
2022-12-01,"12:27 AM",1,143B,mconneely3y@joomla.org
2023-11-23,"7:18 AM",0,143B,mconneely3y@joomla.org
2023-03-10,"1:50 AM",1,161B,mdargue4g@livejournal.com
2023-10-26,"3:07 PM",2,151B,mde46@umich.edu
2023-05-30,"4:45 AM",0,46B,mhardiker19@ameblo.jp
2023-05-13,"12:27 AM",3,105B,mhurleston2w@psu.edu
2023-12-03,"10:57 PM",2,134B,mlangdridge3p@studiopress.com
2022-12-13,"3:35 AM",3,5B,mlapish4@ustream.tv
2023-03-01,"5:34 PM",2,95B,mlongmate2m@auda.org.au
2022-12-13,"8:57 PM",3,146B,mmatteris41@bandcamp.com
2023-05-03,"12:36 PM",2,61B,mpullman1o@paypal.com
2023-01-13,"2:21 AM",1,13B,mroddiec@techcrunch.com
2022-12-12,"4:46 PM",2,163B,msprason4i@theguardian.com
2023-10-09,"7:03 PM",3,139B,mtalby3u@github.io
2023-07-27,"8:53 PM",2,19B,mtriplowi@guardian.co.uk
2023-03-16,"9:49 AM",3,63B,nbunkle1q@smugmug.com
2023-09-13,"12:33 PM",0,167B,npowles4m@springer.com
2023-09-30,"10:19 AM",1,188B,nscrannage57@list-manage.com
2023-08-05,"3:15 AM",1,91B,ocurd2i@clickbank.net
2023-02-08,"7:22 AM",0,164B,oegdal4j@google.ca
2023-11-13,"11:45 AM",0,55B,okuhlen1i@huffingtonpost.com
2023-09-24,"4:13 PM",0,38B,oocarrol11@goo.gl
2023-07-19,"3:52 AM",0,118B,opendreigh39@joomla.org
2023-08-27,"7:13 PM",0,76B,opordall23@ihg.com
2023-02-25,"3:36 PM",0,85B,pbayford2c@globo.com
2023-11-22,"2:38 AM",3,18B,pboddiceh@umn.edu
2023-03-27,"6:51 AM",0,159B,pkemble4e@opera.com
2022-12-04,"5:39 AM",3,42B,pmasterman15@tuttocitta.it
2023-04-01,"1:18 AM",0,24B,pzipselln@w3.org
2023-06-14,"6:29 AM",2,123B,rcoffelt3e@clickbank.net
2023-03-22,"7:02 PM",2,129B,refford3k@businessweek.com
2023-01-27,"1:21 PM",3,88B,rlambart2f@php.net
2023-08-18,"1:45 PM",3,181B,rpauly50@ifeng.com
2023-06-19,"3:35 AM",1,81B,rrobken28@businessinsider.com
2023-08-15,"5:19 AM",0,82B,rstille29@i2i.jp
2022-12-27,"12:14 AM",3,29B,rvautreys@lulu.com
2023-06-06,"5:38 PM",2,175B,rwarrell4u@mit.edu
2023-01-21,"1:21 PM",1,111B,sallderidge32@ucsd.edu
2023-07-29,"7:25 PM",1,75B,sanfosso22@networksolutions.com
2023-10-29,"7:27 PM",3,90B,sbowton2h@bloomberg.com
2023-03-19,"10:40 AM",1,57B,sfeasby1k@shareasale.com
2023-07-27,"12:25 AM",1,152B,sforkan47@indiatimes.com
2023-04-19,"5:36 PM",2,41B,sguice14@sogou.com
2023-08-25,"9:04 PM",0,109B,skilfether30@ed.gov
2023-10-23,"1:11 AM",3,186B,svarden55@sbwire.com
2023-10-25,"11:01 PM",2,6B,tfetherston5@fotki.com
2023-02-04,"9:37 PM",3,33B,theggiew@google.es
2023-03-26,"3:59 PM",0,158B,tkrolle4d@vimeo.com
2023-06-20,"10:31 PM",1,66B,tlinch1t@sun.com
2023-09-13,"5:21 AM",1,106B,trodgerson2x@ucoz.com
2023-01-31,"1:50 PM",0,72B,truseworth1z@phoca.cz
2023-12-04,"1:48 PM",3,14B,ttarrantd@ustream.tv
2023-11-06,"4:04 PM",2,27B,ttzarq@usgs.gov
2023-04-16,"12:45 PM",1,50B,tyoselevitch1d@sourceforge.net
2023-10-18,"4:12 AM",0,74B,vballchin21@geocities.jp
2023-09-23,"9:19 AM",2,37B,vgrimsdell10@businessinsider.com
2023-11-11,"5:48 AM",1,83B,vkeyzor2a@bloglovin.com
2023-03-26,"8:05 PM",3,43B,vmccoll16@cam.ac.uk
2023-02-25,"8:51 AM",1,113B,vmountain34@ning.com
2023-02-21,"7:30 AM",0,165B,wcurling4k@spotify.com
2023-01-20,"7:12 AM",2,150B,wkock45@infoseek.co.jp
2023-05-27,"1:13 AM",3,116B,wlitzmann37@berkeley.edu
2023-10-10,"9:30 AM",3,22B,wossultonl@addthis.com
2023-07-16,"5:52 AM",1,70B,wpennycord1x@aboutads.info
2023-04-09,"11:11 AM",3,84B,wrevans2b@yahoo.com
2023-12-14,"5:25 PM",0,130B,ybazire3l@behance.net
2023-02-10,"3:57 AM",0,93B,ystratz2k@senate.gov
2023-04-24,"11:31 AM",0,145B,ywestwell40@gov.uk
