email,name,dob,phoneNumber,password
kspinks0@illinois.edu,Kimberly Spinks,1999-05-11,966-183-7497,uR8<u?6S*=1K
aavieson1@independent.co.uk,Abby Avieson,1996-06-13,355-532-3458,"nU0'jL""z*?Hw"
lhazelgrove2@redcross.org,Lark Hazelgrove,1993-05-31,550-836-2107,xG5?l4#h!IN
kalfonzo3@example.com,Kassi Alfonzo,1978-02-06,276-351-5490,eR8&G&C2U
mlapish4@ustream.tv,Maighdiln Lapish,2015-03-07,696-657-2123,zD5`tH3}0$
tfetherston5@fotki.com,Tobe Fetherston,1991-07-20,803-612-2448,uU1+UO@~
fbroun6@biblegateway.com,Flora Broun,2008-12-27,713-137-5061,vA3`%Vm
kboldero7@sourceforge.net,Kyle Boldero,1985-11-10,536-574-3923,"sS3*=/""qfBg"
cabell8@freewebs.com,Celka Abell,2022-12-05,787-788-9568,pC7&NO%G
cstringfellow9@amazon.co.uk,Clarke Stringfellow,1970-06-17,496-441-4420,eK0+Fy!q%t
dspuriera@mashable.com,Dimitry Spurier,2005-07-25,633-930-3974,"eJ0{6,_p~3=x"
gpayzeb@bizjournals.com,Garrett Payze,2007-02-23,224-449-3004,sT3(Iu_2w9?
mroddiec@techcrunch.com,Mina Roddie,1971-02-09,442-790-7179,lI3~6F%`yu
ttarrantd@ustream.tv,Tomaso Tarrant,2019-07-30,810-338-9191,zB9+1E8
ekollase@pagesperso-orange.fr,Eden Kollas,1981-01-30,125-924-6194,uB8_$'~
bcurnessf@dyndns.org,Benson Curness,1990-01-29,992-387-5619,sA7}>H>&5
bgellertg@seattletimes.com,Barton Gellert,1971-02-28,761-600-9587,mX3{>N
pboddiceh@umn.edu,Pansie Boddice,1988-06-03,400-491-8734,kS0.%HyljcR|
mtriplowi@guardian.co.uk,Micky Triplow,1991-10-02,171-567-7902,"lP5)j6c""M"
fnorledgej@apple.com,Fannie Norledge,1964-04-22,499-821-1180,sO7!*vWh
lsladerk@soup.io,Linzy Slader,1980-05-06,954-487-6974,yH0+zW(ck_z
wossultonl@addthis.com,Willard Ossulton,1961-05-02,388-810-9214,eA3>f'IBJn<
mchrispm@4shared.com,Marlane Chrisp,1982-08-17,312-858-1961,fP8&!a
pzipselln@w3.org,Panchito Zipsell,2018-03-06,259-677-9629,hA2}2L$qfAa
bmelvino@imageshack.us,Bailey Melvin,2016-08-22,866-597-8944,fG8*gBScr<)
codcroftp@cbsnews.com,Caritta Odcroft,2005-07-23,871-624-3480,"mU3""O<+?P*l"
ttzarq@usgs.gov,Tedra Tzar,1970-04-20,800-942-4650,rN6*'#%gkdy
bfoulksr@mozilla.com,Bobine Foulks,1964-05-13,198-644-2096,tT0/Hmx
rvautreys@lulu.com,Reine Vautrey,1994-12-23,858-783-9767,rZ2=5`I&F
llongleyt@techcrunch.com,Lotti Longley,1988-06-21,928-936-4054,bY3_zG
clardieru@behance.net,Corly Lardier,1973-01-23,381-887-1569,wJ7.oYT9\W
mbastonev@ovh.net,Millicent Bastone,1999-02-24,665-790-3422,"qT4>VQA"""
theggiew@google.es,Tish Heggie,1998-03-25,746-560-8557,hE7&@B(&S
lguttridgex@theglobeandmail.com,Laurette Guttridge,1998-09-16,391-484-2714,"kZ1&S,JJ2N"
lgrebery@yelp.com,Liva Greber,1979-02-18,493-907-1985,cA2@BU`6ok
anewhamz@surveymonkey.com,Annissa Newham,1981-11-15,569-959-5974,yJ5?%o?@b
vgrimsdell10@businessinsider.com,Valli Grimsdell,1998-06-06,799-223-5204,oO3/L%='Dq/0
oocarrol11@goo.gl,Ofilia O'Carrol,1981-09-22,909-423-7214,wU0+68
aerrey12@sina.com.cn,Aluino Errey,1965-11-30,858-210-4608,yV5/)22$Z
dchilvers13@senate.gov,Darill Chilvers,2006-02-03,130-989-1224,yK3@RY9+6y
sguice14@sogou.com,Shelby Guice,1972-06-25,908-200-4640,"nA9,di)Xa@E"
pmasterman15@tuttocitta.it,Patrice Masterman,2016-03-15,332-458-4315,"cK3,erB|"
vmccoll16@cam.ac.uk,Valeria McColl,1975-05-30,193-978-3327,oU0+Bn
lskilling17@elegantthemes.com,Lorne Skilling,2006-05-10,910-591-3161,iR3$2qereYi@
lpeploe18@odnoklassniki.ru,Linnell Peploe,1994-03-25,265-831-6556,bN6\v=5
mhardiker19@ameblo.jp,Mano Hardiker,1986-04-03,393-624-2496,cB0\ck.
borr1a@imageshack.us,Bran Orr,2016-06-23,985-395-1842,gG2&k1889{u~
kbrittle1b@timesonline.co.uk,Karim Brittle,1972-12-30,519-396-3113,iW7/w@!g#
abartley1c@soundcloud.com,Alphonse Bartley,1992-07-12,239-562-4625,wG3%#<a&Ki$
tyoselevitch1d@sourceforge.net,Tillie Yoselevitch,1981-05-14,865-243-0085,zD3({}
cneild1e@sun.com,Carola Neild,1978-08-21,187-715-8943,mL7$Qe
lcelloni1f@go.com,Leeland Celloni,2004-10-13,588-808-1176,kP9{!e@4|Z//
gsinkinson1g@ebay.com,Gnni Sinkinson,2010-04-12,560-620-8945,oP3~/(&
ehaythorn1h@cnet.com,Even Haythorn,2014-03-05,997-902-7455,sS8%)&T3
okuhlen1i@huffingtonpost.com,Osbourn Kuhlen,2018-05-05,447-525-7066,"qF4""BOsOp+=x"
bromanin1j@ocn.ne.jp,Brigid Romanin,2017-11-19,415-413-5433,"fC1,@i?"
sfeasby1k@shareasale.com,Sara-ann Feasby,1964-07-16,540-642-0879,eZ7<$Y/
gdoctor1l@php.net,Gus Doctor,2023-11-04,805-237-4453,aT7$|\FQp
blohoar1m@com.com,Bertram Lohoar,1974-03-29,357-808-3733,sN6*1w2)l*#1
cgeraldi1n@constantcontact.com,Carola Geraldi,1968-08-08,870-200-3142,jN2{/4
mpullman1o@paypal.com,Michail Pullman,1992-07-02,352-646-4461,"dJ7,yRN#(("
cceliz1p@cnet.com,Carmine Celiz,2008-03-28,365-575-2081,eQ6#k5+l@
nbunkle1q@smugmug.com,Ninon Bunkle,1995-08-30,663-248-6636,yQ3|rST>/ux
ksoeiro1r@barnesandnoble.com,Katlin Soeiro,2014-09-29,357-488-7981,cF3#\C<%
jazam1s@paypal.com,Joshuah Azam,1989-11-19,215-807-1588,"wP1<%,K"
tlinch1t@sun.com,Tove Linch,1981-09-11,451-346-1989,zI3\8K/Qb9!
bjutson1u@engadget.com,Birch Jutson,1965-07-05,309-401-0245,"hC0=)HcJ4"""
glandeaux1v@mozilla.com,Gaye Landeaux,1971-12-23,943-249-7030,eZ7)60|(WXLj
hbernard1w@forbes.com,Halli Bernard,1968-12-20,530-726-0941,cD1<`S6I!+/i
wpennycord1x@aboutads.info,Wolf Pennycord,1991-06-16,129-646-0637,xG5|ck_Po
csiely1y@gnu.org,Connor Siely,1986-03-10,671-259-8177,gX5@)M
truseworth1z@phoca.cz,Tremayne Ruseworth,2003-12-02,370-874-1349,sZ7'|_\yTo
ajelk20@skyrock.com,Aymer Jelk,1989-05-04,149-210-5284,lA1$>a!@oIl(
vballchin21@geocities.jp,Valentino Ballchin,1999-09-07,222-967-8663,"vD4.qEShBIE,"
sanfosso22@networksolutions.com,Sibley Anfosso,2019-04-10,751-831-7029,"lJ1`""?l%\&S|"
opordall23@ihg.com,Onida Pordall,2013-04-20,412-979-6371,"mE4,E*BypA`E"
bmarousek24@blogs.com,Brigham Marousek,2003-02-03,854-774-1435,"yD7""@N"
lburman25@google.com.au,Lucas Burman,1969-08-08,142-818-3250,aR9!9g
dalenichev26@wikia.com,Danice Alenichev,1975-05-06,524-540-7814,"hY5"",EAP2M"
crevens27@symantec.com,Christian Revens,2022-06-30,423-654-7017,yZ8<il
rrobken28@businessinsider.com,Ryon Robken,2022-12-31,733-685-2892,"sW6""Zdw$2F"
rstille29@i2i.jp,Remus Stille,2007-10-15,670-503-1374,yY7*x@5R``
vkeyzor2a@bloglovin.com,Vanya Keyzor,2002-03-22,922-581-6660,"lN4,Ntzves%"
wrevans2b@yahoo.com,West Revans,1981-07-15,509-426-8758,gJ9!EK
pbayford2c@globo.com,Patrick Bayford,2023-04-17,561-267-9284,pJ1=e.Gr8%
emeharry2d@behance.net,Ellsworth Meharry,1984-05-14,532-308-2669,jF7>ZDcR
ichown2e@zdnet.com,Ilsa Chown,2017-01-28,598-331-3667,"qB0""mO"
rlambart2f@php.net,Rip Lambart,1980-06-06,545-482-7221,sA1<s!8|K
aettery2g@chron.com,Arda Ettery,2016-07-12,650-382-5788,"sZ6""\5K}zV"
sbowton2h@bloomberg.com,Shalne Bowton,1989-07-12,839-926-2607,lV6$O$ZiiA
ocurd2i@clickbank.net,Odelia Curd,1979-07-04,512-223-8563,zL1*>s
certel2j@alibaba.com,Cynthia Ertel,1967-08-08,560-661-0447,wY9_KKv
ystratz2k@senate.gov,Yank Stratz,1973-11-30,874-873-8180,vZ2=0o}TglcD
dchastanet2l@shutterfly.com,Dyanna Chastanet,2009-03-14,898-594-1979,hB4&fZg
mlongmate2m@auda.org.au,Michele Longmate,1963-01-04,334-656-5884,mZ9{A@
dteall2n@vistaprint.com,Doretta Teall,1983-09-06,618-717-9281,lF2\)2RPA1V
dheisman2o@cmu.edu,Dahlia Heisman,1998-01-29,816-478-7412,"jH6""FW}l"
eatlee2p@cpanel.net,Enoch Atlee,1990-09-27,302-602-8349,mW6%IjR#Vexv
apettet2q@ebay.co.uk,Axe Pettet,2001-08-10,144-571-3141,mF8%KI$kB
gswinfen2r@technorati.com,Gaston Swinfen,1991-09-08,287-354-7676,jJ2?<zv30
ldoge2s@vk.com,Lorianna Doge,1978-04-18,162-770-2281,jL7{99r\v
jzincke2t@a8.net,Jannel Zincke,1988-08-24,675-184-0278,zI9(Hc=z8bL
epetrolli2u@51.la,Elana Petrolli,1986-01-10,982-530-4510,lD8!K=
erichens2v@reverbnation.com,Edmon Richens,1965-02-07,502-215-3033,bV0'Osi
mhurleston2w@psu.edu,Marlo Hurleston,2021-06-30,353-482-0916,fD3.UIx
trodgerson2x@ucoz.com,Tonnie Rodgerson,1979-09-01,142-344-9780,nQ9\=xlN
bbrittain2y@merriam-webster.com,Britte Brittain,2002-03-14,650-628-0465,"bJ7>h=,,"
jgregorin2z@mayoclinic.com,Jesselyn Gregorin,2014-10-27,923-478-3803,eT7)5p?066H
skilfether30@ed.gov,Spike Kilfether,1984-06-11,342-908-6219,oB2=`MA*l2}
mbenoiton31@addthis.com,Morton Benoiton,2002-01-05,170-719-4621,aJ4*d6}9
sallderidge32@ucsd.edu,Sherm Allderidge,1971-10-21,399-410-9747,zF6#G`
cwebbe33@pbs.org,Charmion Webbe,1980-07-27,757-871-6703,sM7\lF$F
vmountain34@ning.com,Vanna Mountain,1972-04-15,290-396-2323,jU7>M*8ssd
chague35@facebook.com,Cammi Hague,2012-10-07,105-174-8370,hG1`BlsJ
jmarczyk36@desdev.cn,Jarib Marczyk,1977-08-23,879-438-6446,cR9`F4
wlitzmann37@berkeley.edu,Walton Litzmann,1996-01-19,363-240-6768,xT3#bpQiSw
eflacknoe38@yellowbook.com,Ephraim Flacknoe,2021-12-01,109-122-0017,lL2%IaAK3j
opendreigh39@joomla.org,Odie Pendreigh,2000-07-12,918-222-0308,jR1.lS3@T5
hpattini3a@washington.edu,Hinda Pattini,2013-03-21,780-192-3236,dY2>{OL<U9!I
kdorrell3b@wired.com,Kai Dorrell,1967-08-31,132-852-8015,oR6}E`1ViQ2
cbrazil3c@themeforest.net,Cecelia Brazil,2009-08-15,497-481-2640,sD3.@EZ#
dhallaways3d@istockphoto.com,Donni Hallaways,2003-07-12,243-799-2039,cJ9`gX~%C
rcoffelt3e@clickbank.net,Rolf Coffelt,1985-04-23,357-450-5874,nS3~h}h8
cmorlon3f@ibm.com,Corrinne Morlon,2014-02-25,957-574-2134,"nR5,N\,+7l4C"
jadriani3g@icq.com,Joellyn Adriani,1993-02-19,859-919-2112,nT1`|wL>YqtF
bhowton3h@usatoday.com,Brander Howton,2018-11-04,449-980-6268,mN4.XwF
adabels3i@ted.com,Alick Dabels,2005-04-05,146-821-1147,vW1+24E&+k)
hsheehan3j@mail.ru,Hadrian Sheehan,2017-04-14,402-965-7166,nP5~{L>k.o
refford3k@businessweek.com,Roxi Efford,1971-02-28,258-435-5164,kX5#sb
ybazire3l@behance.net,Yulma Bazire,1992-05-14,301-790-8452,zY7!st?>
iduck3m@mediafire.com,Iolanthe Duck,1992-09-12,423-802-1349,hA2~QmN'o
jliggett3n@noaa.gov,Jasen Liggett,1972-03-01,606-155-2222,zK4\%<`
kitzkovich3o@google.de,Kriste Itzkovich,2014-01-27,631-541-5156,bN1@x9*Z2
mlangdridge3p@studiopress.com,Marcelia Langdridge,2007-04-07,376-875-9232,"wB6#1~t~@"".."
fbalint3q@printfriendly.com,Fons Balint,1981-09-26,732-526-2806,sL5&a`9W
ghughlock3r@last.fm,Gayleen Hughlock,1994-08-29,612-465-8539,lD1_s9
anutten3s@xing.com,Allen Nutten,1977-09-05,292-365-1236,oG5(0~_Q
jgaraghan3t@behance.net,Josh Garaghan,2011-03-31,329-392-4264,"dC1),C,8Z"
mtalby3u@github.io,Muriel Talby,1974-06-09,356-536-5593,fX0%_Wi(<*%l
cgiscken3v@skype.com,Caryn Giscken,1963-08-01,979-717-9609,"uR5*uJwx,"
btroup3w@ucsd.edu,Bartlett Troup,1987-12-25,520-270-7328,sF2*xx>z
ggiron3x@mapquest.com,Georgianne Giron,2009-02-22,644-846-4314,jR9|L20$
mconneely3y@joomla.org,Morena Conneely,2008-05-01,611-308-4674,yF3|3GIv
bmollatt3z@yolasite.com,Brittney Mollatt,1979-06-10,826-192-6372,"bT4?U,t"
ywestwell40@gov.uk,York Westwell,2014-11-20,909-129-1534,"eA4""hj+'>w"
mmatteris41@bandcamp.com,Major Matteris,2021-06-17,827-340-8636,"kU6""Jhd.ae"
kzanetello42@so-net.ne.jp,Kendre Zanetello,1986-10-03,728-648-9992,qJ6@W{v$v
kcollumbell43@flavors.me,Kathrine Collumbell,2000-03-17,540-629-8004,zT2*s(E9
knurse44@zdnet.com,Kerwin Nurse,1969-07-22,385-572-2680,eC8@$L|
wkock45@infoseek.co.jp,Waldemar Kock,2006-01-02,281-828-6678,"eX4,=`}cPwoq"
mde46@umich.edu,Molli De Michele,1984-10-11,387-478-3034,qY4}fe
sforkan47@indiatimes.com,Siobhan Forkan,1961-11-30,777-223-9892,"fL1,Mmg#eN"
gmacginlay48@vk.com,Gal MacGinlay,1980-03-06,822-781-7097,xV0(tW*/lNu@
hfrusher49@google.ca,Hally Frusher,1980-08-09,383-431-0462,fC7~Fc
jheaney4a@omniture.com,Janek Heaney`,2010-03-11,616-534-2226,wX3_ZW$\2N'
baudas4b@ucoz.com,Berte Audas,2008-01-17,124-394-8170,"mD2*qY,"
ilunt4c@craigslist.org,Ingeborg Lunt,1971-08-13,103-525-0589,xU1!95\${b
tkrolle4d@vimeo.com,Theobald Krolle,2017-08-02,867-144-4543,"kC9+""#0V9_s{"
pkemble4e@opera.com,Prudence Kemble,2016-05-15,324-873-8252,rY2&fSD4O*2
jbloys4f@miibeian.gov.cn,Janette Bloys,1973-12-13,566-758-8962,"xS8$Fy*,o<ob"
mdargue4g@livejournal.com,Marguerite Dargue,1965-11-22,167-539-5875,hM2>5t6y*
fmalin4h@google.cn,Fons Malin,1992-11-19,857-661-8684,"rD5""@NAB+m7"
msprason4i@theguardian.com,Mel Sprason,1983-02-07,531-200-1460,eN2=s2+x{hB
oegdal4j@google.ca,Orelia Egdal,2001-04-30,924-828-0926,cI4\)V'.Dh
wcurling4k@spotify.com,Wileen Curling,1967-07-22,497-786-0707,"wR1/6=,"
dchristescu4l@dailymail.co.uk,Devonne Christescu,1971-04-12,413-124-2340,"bU0%xGw,ro'"
npowles4m@springer.com,Nadine Powles,1984-12-01,432-116-9872,cO7/8QBX
lbubear4n@bluehost.com,Lon Bubear,1977-01-11,771-338-5290,sI0.4\h\
eroff4o@github.com,Emili Roff,2020-07-01,219-218-1730,xS8/Xv?0
mbartoszinski4p@virginia.edu,Morissa Bartoszinski,2001-04-24,877-452-4043,vE9`1@~n7Q
gdurtnel4q@woothemes.com,Gradey Durtnel,1975-11-20,754-668-9953,nX9~C2$2
bskaid4r@livejournal.com,Brannon Skaid,1997-03-06,551-208-5860,jS4&RghK
fmuckle4s@github.com,Fayette Muckle,1997-02-24,375-873-7356,zE1@Uz@
gsalack4t@addtoany.com,Gard Salack,1999-11-22,555-984-7570,nZ9)0U%$
rwarrell4u@mit.edu,Rad Warrell,2002-05-06,570-377-3986,wL1@#OA
kdallaway4v@wix.com,Kerianne Dallaway,1991-12-08,691-325-3716,xD1+<9sT!B
ajunkinson4w@zimbio.com,Atlanta Junkinson,2012-06-06,270-475-6363,pO1}lB
hbolland4x@mozilla.org,Hildegarde Bolland,2001-11-25,789-322-9328,nY3*H$MX)
bloxton4y@wired.com,Briana Loxton,1997-04-16,500-263-3350,"nH2""kML,nQG0"
fshearman4z@mit.edu,Flore Shearman,1968-04-30,290-473-1458,"mA4~""jS/P8y"
rpauly50@ifeng.com,Rhett Pauly,1986-04-09,272-759-7137,tC0(*$t1
dblind51@google.fr,Darrelle Blind,2020-04-12,404-441-0318,"kF2+JdHt,"
ltorregiani52@twitpic.com,Leonora Torregiani,2004-09-24,511-792-6012,"uQ7~B{,F"
btesche53@accuweather.com,Bobbi Tesche,1986-06-17,618-866-6849,nZ2<pKdWB
jgaspero54@google.co.uk,Jeromy Gaspero,1961-09-05,967-739-2769,"rY2=)C!Gw""u"
svarden55@sbwire.com,Shep Varden,1986-07-17,913-895-2214,nT9_}AR$y9t
asaunder56@cdbaby.com,Addie Saunder,2018-10-27,698-368-0425,mQ5!m'K/y@~
nscrannage57@list-manage.com,Nerte Scrannage,2005-03-14,245-732-9750,kA1=ovZTv
blockwood58@weather.com,Bendix Lockwood,1962-07-30,279-449-3646,lT9*Xw
lfairpool59@shutterfly.com,Linnea Fairpool,1999-01-14,428-621-9157,xB2%0HAOv
iminerdo5a@ucoz.com,Isabel Minerdo,1991-02-04,779-571-4207,kS6#eRZ37q#
fhealy5b@miibeian.gov.cn,Farica Healy,1991-03-13,884-985-9834,rK1/F@&j3/=
cgwilt5c@newsvine.com,Carol Gwilt,2007-06-04,537-373-1061,tT3.!L5#TTk
gpollie5d@sfgate.com,Gertruda Pollie,2012-01-06,852-384-3190,"sS7?""+I"
bfairhead5e@reference.com,Bruce Fairhead,2020-05-17,703-123-5290,mI8=7uE9U`_`
dgehrts5f@cnbc.com,Dallas Gehrts,2013-02-09,302-908-0664,xE5/\lH|
aducker5g@jalbum.net,Ailee Ducker,1996-06-08,857-327-4027,eU3#e8O'
bwandless5h@spotify.com,Bud Wandless,1984-01-16,369-951-1773,sS5_5H|T
dwakeham5i@tinypic.com,Dillie Wakeham,2018-08-20,146-419-9546,bH6*+/
ggreatbanks5j@deliciousdays.com,Glory Greatbanks,2015-01-06,396-592-8447,oY6<U2*$JoA
kspinks0@illinois.edu,Kimberly Spinks,3/22/1987,,uR8<u?6S*=1K
aavieson1@independent.co.uk,Abby Avieson,8/5/1970,,"nU0'jL""z*?Hw"
lhazelgrove2@redcross.org,Lark Hazelgrove,11/18/1999,,xG5?l4#h!IN
kalfonzo3@example.com,Kassi Alfonzo,7/12/1965,,eR8&G&C2U
mlapish4@ustream.tv,Maighdiln Lapish,4/30/1988,,zD5`tH3}0$
tfetherston5@fotki.com,Tobe Fetherston,10/15/1973,,uU1+UO@~
fbroun6@biblegateway.com,Flora Broun,2/27/1992,,vA3`%Vm
kboldero7@sourceforge.net,Kyle Boldero,6/9/1968,,"sS3*=/""qfBg"
cabell8@freewebs.com,Celka Abell,12/3/2004,,pC7&NO%G
cstringfellow9@amazon.co.uk,Clarke Stringfellow,8/19/1979,,eK0+Fy!q%t
dspuriera@mashable.com,Dimitry Spurier,1/11/1960,,"eJ0{6,_p~3=x"
gpayzeb@bizjournals.com,Garrett Payze,5/6/1982,,sT3(Iu_2w9?
mroddiec@techcrunch.com,Mina Roddie,9/29/1965,,lI3~6F%`yu
ttarrantd@ustream.tv,Tomaso Tarrant,3/4/1971,,zB9+1E8
ekollase@pagesperso-orange.fr,Eden Kollas,11/10/1993,,uB8_$'~
bcurnessf@dyndns.org,Benson Curness,7/1/1988,,sA7}>H>&5
bgellertg@seattletimes.com,Barton Gellert,2/14/1977,,mX3{>N
pboddiceh@umn.edu,Pansie Boddice,6/26/1995,,kS0.%HyljcR|
mtriplowi@guardian.co.uk,Micky Triplow,10/31/1985,,"lP5)j6c""M"
fnorledgej@apple.com,Fannie Norledge,12/24/1960,,sO7!*vWh
lsladerk@soup.io,Linzy Slader,8/17/1979,,yH0+zW(ck_z
wossultonl@addthis.com,Willard Ossulton,1/10/2007,,eA3>f'IBJn<
mchrispm@4shared.com,Marlane Chrisp,5/28/1998,,fP8&!a
pzipselln@w3.org,Panchito Zipsell,9/3/1967,,hA2}2L$qfAa
bmelvino@imageshack.us,Bailey Melvin,2/8/1985,,fG8*gBScr<)
codcroftp@cbsnews.com,Caritta Odcroft,7/22/1974,,"mU3""O<+?P*l"
ttzarq@usgs.gov,Tedra Tzar,11/15/2000,,rN6*'#%gkdy
bfoulksr@mozilla.com,Bobine Foulks,4/12/1963,,tT0/Hmx
rvautreys@lulu.com,Reine Vautrey,10/7/1981,,rZ2=5`I&F
llongleyt@techcrunch.com,Lotti Longley,1/21/1969,,bY3_zG
clardieru@behance.net,Corly Lardier,6/14/1994,,wJ7.oYT9\W
mbastonev@ovh.net,Millicent Bastone,12/8/1977,,"qT4>VQA"""
theggiew@google.es,Tish Heggie,8/1/1962,,hE7&@B(&S
lguttridgex@theglobeandmail.com,Laurette Guttridge,3/26/1989,,"kZ1&S,JJ2N"
lgrebery@yelp.com,Liva Greber,9/18/1966,,cA2@BU`6ok
anewhamz@surveymonkey.com,Annissa Newham,2/5/1972,,yJ5?%o?@b
vgrimsdell10@businessinsider.com,Valli Grimsdell,7/30/1990,,oO3/L%='Dq/0
oocarrol11@goo.gl,Ofilia O'Carrol,11/23/1963,,wU0+68
aerrey12@sina.com.cn,Aluino Errey,4/16/1986,,yV5/)22$Z
dchilvers13@senate.gov,Darill Chilvers,10/9/1971,,yK3@RY9+6y
sguice14@sogou.com,Shelby Guice,1/3/1965,,"nA9,di)Xa@E"
pmasterman15@tuttocitta.it,Patrice Masterman,5/24/1996,,"cK3,erB|"
vmccoll16@cam.ac.uk,Valeria McColl,9/28/1968,,oU0+Bn
lskilling17@elegantthemes.com,Lorne Skilling,2/11/1983,,iR3$2qereYi@
lpeploe18@odnoklassniki.ru,Linnell Peploe,6/3/1975,,bN6\v=5
mhardiker19@ameblo.jp,Mano Hardiker,12/27/1997,,cB0\ck.
borr1a@imageshack.us,Bran Orr,8/20/1964,,gG2&k1889{u~
kbrittle1b@timesonline.co.uk,Karim Brittle,1/14/1978,,iW7/w@!g#
abartley1c@soundcloud.com,Alphonse Bartley,5/7/1992,,wG3%#<a&Ki$
tyoselevitch1d@sourceforge.net,Tillie Yoselevitch,9/1/1966,,zD3({}
cneild1e@sun.com,Carola Neild,2/24/1988,,mL7$Qe
lcelloni1f@go.com,Leeland Celloni,7/17/1973,,kP9{!e@4|Z//
gsinkinson1g@ebay.com,Gnni Sinkinson,11/10/1995,,oP3~/(&
ehaythorn1h@cnet.com,Even Haythorn,4/4/1971,,sS8%)&T3
okuhlen1i@huffingtonpost.com,Osbourn Kuhlen,10/29/1962,,"qF4""BOsOp+=x"
bromanin1j@ocn.ne.jp,Brigid Romanin,1/22/1980,,"fC1,@i?"
sfeasby1k@shareasale.com,Sara-ann Feasby,6/15/1967,,eZ7<$Y/
gdoctor1l@php.net,Gus Doctor,12/9/1991,,aT7$|\FQp
blohoar1m@com.com,Bertram Lohoar,8/2/1976,,sN6*1w2)l*#1
cgeraldi1n@constantcontact.com,Carola Geraldi,2/16/1964,,jN2{/4
mpullman1o@paypal.com,Michail Pullman,7/11/1982,,"dJ7,yRN#(("
cceliz1p@cnet.com,Carmine Celiz,11/4/1961,,eQ6#k5+l@
nbunkle1q@smugmug.com,Ninon Bunkle,4/27/1993,,yQ3|rST>/ux
ksoeiro1r@barnesandnoble.com,Katlin Soeiro,10/20/1969,,cF3#\C<%
jazam1s@paypal.com,Joshuah Azam,1/13/1987,,"wP1<%,K"
tlinch1t@sun.com,Tove Linch,6/6/1970,,zI3\8K/Qb9!
bjutson1u@engadget.com,Birch Jutson,12/31/1999,,"hC0=)HcJ4"""
glandeaux1v@mozilla.com,Gaye Landeaux,8/23/1965,,eZ7)60|(WXLj
hbernard1w@forbes.com,Halli Bernard,2/6/1984,,cD1<`S6I!+/i
wpennycord1x@aboutads.info,Wolf Pennycord,7/29/1977,,xG5|ck_Po
csiely1y@gnu.org,Connor Siely,11/21/2001,,gX5@)M
truseworth1z@phoca.cz,Tremayne Ruseworth,4/14/1968,,sZ7'|_\yTo
ajelk20@skyrock.com,Aymer Jelk,10/8/1986,,lA1$>a!@oIl(
vballchin21@geocities.jp,Valentino Ballchin,1/2/1963,,"vD4.qEShBIE,"
sanfosso22@networksolutions.com,Sibley Anfosso,5/25/1994,,"lJ1`""?l%\&S|"
opordall23@ihg.com,Onida Pordall,9/19/1970,,"mE4,E*BypA`E"
bmarousek24@blogs.com,Brigham Marousek,2/12/1989,,"yD7""@N"
lburman25@google.com.au,Lucas Burman,7/5/1964,,aR9!9g
dalenichev26@wikia.com,Danice Alenichev,11/28/1992,,"hY5"",EAP2M"
crevens27@symantec.com,Christian Revens,4/20/1973,,yZ8<il
rrobken28@businessinsider.com,Ryon Robken,10/13/1966,,"sW6""Zdw$2F"
rstille29@i2i.jp,Remus Stille,1/6/1981,,yY7*x@5R``
vkeyzor2a@bloglovin.com,Vanya Keyzor,5/31/1961,,"lN4,Ntzves%"
wrevans2b@yahoo.com,West Revans,9/24/1983,,gJ9!EK
pbayford2c@globo.com,Patrick Bayford,2/17/1979,,pJ1=e.Gr8%
emeharry2d@behance.net,Ellsworth Meharry,7/10/1962,,jF7>ZDcR
ichown2e@zdnet.com,Ilsa Chown,11/3/1995,,"qB0""mO"
rlambart2f@php.net,Rip Lambart,4/7/1978,,sA1<s!8|K
aettery2g@chron.com,Arda Ettery,10/1/1963,,"sZ6""\5K}zV"
sbowton2h@bloomberg.com,Shalne Bowton,1/24/1990,,lV6$O$ZiiA
ocurd2i@clickbank.net,Odelia Curd,6/17/1969,,zL1*>s
certel2j@alibaba.com,Cynthia Ertel,12/11/1984,,wY9_KKv
ystratz2k@senate.gov,Yank Stratz,8/4/1971,,vZ2=0o}TglcD
dchastanet2l@shutterfly.com,Dyanna Chastanet,2/28/1966,,hB4&fZg
mlongmate2m@auda.org.au,Michele Longmate,7/22/1998,,mZ9{A@
dteall2n@vistaprint.com,Doretta Teall,11/15/1967,,lF2\)2RPA1V
dheisman2o@cmu.edu,Dahlia Heisman,4/11/1985,,"jH6""FW}l"
eatlee2p@cpanel.net,Enoch Atlee,9/4/1974,,mW6%IjR#Vexv
apettet2q@ebay.co.uk,Axe Pettet,1/20/2000,,mF8%KI$kB
gswinfen2r@technorati.com,Gaston Swinfen,6/13/1963,,jJ2?<zv30
ldoge2s@vk.com,Lorianna Doge,2/7/1981,,jL7{99r\v
jzincke2t@a8.net,Jannel Zincke,8/31/1962,,zI9(Hc=z8bL
epetrolli2u@51.la,Elana Petrolli,1/5/1970,,lD8!K=
erichens2v@reverbnation.com,Edmon Richens,5/30/1996,,bV0'Osi
mhurleston2w@psu.edu,Marlo Hurleston,9/25/1965,,fD3.UIx
trodgerson2x@ucoz.com,Tonnie Rodgerson,2/18/1977,,nQ9\=xlN
bbrittain2y@merriam-webster.com,Britte Brittain,7/9/1990,,"bJ7>h=,,"
jgregorin2z@mayoclinic.com,Jesselyn Gregorin,11/2/1968,,eT7)5p?066H
skilfether30@ed.gov,Spike Kilfether,4/15/1983,,oB2=`MA*l2}
mbenoiton31@addthis.com,Morton Benoiton,10/8/1971,,aJ4*d6}9
sallderidge32@ucsd.edu,Sherm Allderidge,1/1/1965,,zF6#G`
cwebbe33@pbs.org,Charmion Webbe,5/23/1996,,sM7\lF$F
vmountain34@ning.com,Vanna Mountain,9/27/1968,,jU7>M*8ssd
chague35@facebook.com,Cammi Hague,2/10/1985,,hG1`BlsJ
jmarczyk36@desdev.cn,Jarib Marczyk,6/2/1975,,cR9`F4
wlitzmann37@berkeley.edu,Walton Litzmann,12/26/1997,,xT3#bpQiSw
eflacknoe38@yellowbook.com,Ephraim Flacknoe,8/19/1964,,lL2%IaAK3j
opendreigh39@joomla.org,Odie Pendreigh,1/13/1978,,jR1.lS3@T5
hpattini3a@washington.edu,Hinda Pattini,5/6/1992,,dY2>{OL<U9!I
kdorrell3b@wired.com,Kai Dorrell,8/31/1966,,oR6}E`1ViQ2
cbrazil3c@themeforest.net,Cecelia Brazil,2/23/1988,,sD3.@EZ#
dhallaways3d@istockphoto.com,Donni Hallaways,7/16/1973,,cJ9`gX~%C
rcoffelt3e@clickbank.net,Rolf Coffelt,11/9/1995,,nS3~h}h8
cmorlon3f@ibm.com,Corrinne Morlon,4/3/1971,,"nR5,N\,+7l4C"
jadriani3g@icq.com,Joellyn Adriani,10/28/1962,,nT1`|wL>YqtF
bhowton3h@usatoday.com,Brander Howton,1/21/1980,,mN4.XwF
adabels3i@ted.com,Alick Dabels,6/14/1967,,vW1+24E&+k)
hsheehan3j@mail.ru,Hadrian Sheehan,12/8/1991,,nP5~{L>k.o
refford3k@businessweek.com,Roxi Efford,8/1/1976,,kX5#sb
ybazire3l@behance.net,Yulma Bazire,2/15/1964,,zY7!st?>
iduck3m@mediafire.com,Iolanthe Duck,7/10/1982,,hA2~QmN'o
jliggett3n@noaa.gov,Jasen Liggett,11/3/1961,,zK4\%<`
kitzkovich3o@google.de,Kriste Itzkovich,4/26/1993,,bN1@x9*Z2
mlangdridge3p@studiopress.com,Marcelia Langdridge,10/19/1969,,"wB6#1~t~@"".."
fbalint3q@printfriendly.com,Fons Balint,1/12/1987,,sL5&a`9W
ghughlock3r@last.fm,Gayleen Hughlock,6/5/1970,,lD1_s9
anutten3s@xing.com,Allen Nutten,12/30/1999,,oG5(0~_Q
jgaraghan3t@behance.net,Josh Garaghan,8/22/1965,,"dC1),C,8Z"
mtalby3u@github.io,Muriel Talby,2/5/1984,,fX0%_Wi(<*%l
cgiscken3v@skype.com,Caryn Giscken,7/28/1977,,"uR5*uJwx,"
btroup3w@ucsd.edu,Bartlett Troup,11/20/2001,,sF2*xx>z
ggiron3x@mapquest.com,Georgianne Giron,4/13/1968,,jR9|L20$
mconneely3y@joomla.org,Morena Conneely,10/7/1986,,yF3|3GIv
bmollatt3z@yolasite.com,Brittney Mollatt,1/1/1963,,"bT4?U,t"
ywestwell40@gov.uk,York Westwell,5/24/1994,,"eA4""hj+'>w"
mmatteris41@bandcamp.com,Major Matteris,9/18/1970,,"kU6""Jhd.ae"
kzanetello42@so-net.ne.jp,Kendre Zanetello,2/11/1989,,qJ6@W{v$v
kcollumbell43@flavors.me,Kathrine Collumbell,7/4/1964,,zT2*s(E9
knurse44@zdnet.com,Kerwin Nurse,11/27/1992,,eC8@$L|
wkock45@infoseek.co.jp,Waldemar Kock,4/19/1973,,"eX4,=`}cPwoq"
mde46@umich.edu,Molli De Michele,10/12/1966,,qY4}fe
sforkan47@indiatimes.com,Siobhan Forkan,1/5/1981,,"fL1,Mmg#eN"
gmacginlay48@vk.com,Gal MacGinlay,5/30/1961,,xV0(tW*/lNu@
hfrusher49@google.ca,Hally Frusher,9/23/1983,,fC7~Fc
jheaney4a@omniture.com,Janek Heaney`,2/16/1979,,wX3_ZW$\2N'
baudas4b@ucoz.com,Berte Audas,7/9/1962,,"mD2*qY,"
ilunt4c@craigslist.org,Ingeborg Lunt,11/2/1995,,xU1!95\${b
tkrolle4d@vimeo.com,Theobald Krolle,4/6/1978,,"kC9+""#0V9_s{"
pkemble4e@opera.com,Prudence Kemble,9/30/1963,,rY2&fSD4O*2
jbloys4f@miibeian.gov.cn,Janette Bloys,1/23/1990,,"xS8$Fy*,o<ob"
mdargue4g@livejournal.com,Marguerite Dargue,6/16/1969,,hM2>5t6y*
fmalin4h@google.cn,Fons Malin,12/10/1984,,"rD5""@NAB+m7"
msprason4i@theguardian.com,Mel Sprason,8/3/1971,,eN2=s2+x{hB
oegdal4j@google.ca,Orelia Egdal,2/27/1966,,cI4\)V'.Dh
wcurling4k@spotify.com,Wileen Curling,7/21/1998,,"wR1/6=,"
dchristescu4l@dailymail.co.uk,Devonne Christescu,11/14/1967,,"bU0%xGw,ro'"
npowles4m@springer.com,Nadine Powles,4/10/1985,,cO7/8QBX
lbubear4n@bluehost.com,Lon Bubear,9/3/1974,,sI0.4\h\
eroff4o@github.com,Emili Roff,1/19/2000,,xS8/Xv?0
mbartoszinski4p@virginia.edu,Morissa Bartoszinski,6/12/1963,,vE9`1@~n7Q
gdurtnel4q@woothemes.com,Gradey Durtnel,12/6/1981,,nX9~C2$2
bskaid4r@livejournal.com,Brannon Skaid,8/30/1962,,jS4&RghK
fmuckle4s@github.com,Fayette Muckle,1/4/1970,,zE1@Uz@
gsalack4t@addtoany.com,Gard Salack,5/29/1996,,nZ9)0U%$
rwarrell4u@mit.edu,Rad Warrell,9/24/1965,,wL1@#OA
kdallaway4v@wix.com,Kerianne Dallaway,2/17/1977,,xD1+<9sT!B
ajunkinson4w@zimbio.com,Atlanta Junkinson,7/8/1990,,pO1}lB
hbolland4x@mozilla.org,Hildegarde Bolland,11/1/1968,,nY3*H$MX)
bloxton4y@wired.com,Briana Loxton,4/14/1983,,"nH2""kML,nQG0"
fshearman4z@mit.edu,Flore Shearman,10/7/1971,,"mA4~""jS/P8y"
rpauly50@ifeng.com,Rhett Pauly,1/31/1965,,tC0(*$t1
dblind51@google.fr,Darrelle Blind,5/22/1996,,"kF2+JdHt,"
ltorregiani52@twitpic.com,Leonora Torregiani,9/26/1968,,"uQ7~B{,F"
btesche53@accuweather.com,Bobbi Tesche,2/9/1985,,nZ2<pKdWB
jgaspero54@google.co.uk,Jeromy Gaspero,6/1/1975,,"rY2=)C!Gw""u"
svarden55@sbwire.com,Shep Varden,12/25/1997,,nT9_}AR$y9t
asaunder56@cdbaby.com,Addie Saunder,8/18/1964,,mQ5!m'K/y@~
nscrannage57@list-manage.com,Nerte Scrannage,1/12/1978,,kA1=ovZTv
blockwood58@weather.com,Bendix Lockwood,5/5/1992,,lT9*Xw
lfairpool59@shutterfly.com,Linnea Fairpool,8/30/1966,,xB2%0HAOv
iminerdo5a@ucoz.com,Isabel Minerdo,2/22/1988,,kS6#eRZ37q#
fhealy5b@miibeian.gov.cn,Farica Healy,7/15/1973,,rK1/F@&j3/=
cgwilt5c@newsvine.com,Carol Gwilt,11/8/1995,,tT3.!L5#TTk
gpollie5d@sfgate.com,Gertruda Pollie,4/2/1971,,"sS7?""+I"
bfairhead5e@reference.com,Bruce Fairhead,10/27/1962,,mI8=7uE9U`_`
dgehrts5f@cnbc.com,Dallas Gehrts,1/20/1980,,xE5/\lH|
aducker5g@jalbum.net,Ailee Ducker,6/13/1967,,eU3#e8O'
bwandless5h@spotify.com,Bud Wandless,12/7/1991,,sS5_5H|T
dwakeham5i@tinypic.com,Dillie Wakeham,8/2/1976,,bH6*+/
ggreatbanks5j@deliciousdays.com,Glory Greatbanks,2/14/1964,,oY6<U2*$JoA
