email,bookingID
cstringfellow9@amazon.co.uk,10BK
dspuriera@mashable.com,11BK
gpayzeb@bizjournals.com,12BK
mroddiec@techcrunch.com,13BK
ttarrantd@ustream.tv,14BK
ekollase@pagesperso-orange.fr,15BK
bcurnessf@dyndns.org,16BK
bgellertg@seattletimes.com,17BK
pboddiceh@umn.edu,18BK
mtriplowi@guardian.co.uk,19BK
kspinks0@illinois.edu,1BK
fnorledgej@apple.com,20BK
lsladerk@soup.io,21BK
wossultonl@addthis.com,22BK
mchrispm@4shared.com,23BK
pzipselln@w3.org,24BK
bmelvino@imageshack.us,25BK
codcroftp@cbsnews.com,26BK
ttzarq@usgs.gov,27BK
bfoulksr@mozilla.com,28BK
rvautreys@lulu.com,29BK
aavieson1@independent.co.uk,2BK
llongleyt@techcrunch.com,30BK
clardieru@behance.net,31BK
mbastonev@ovh.net,32BK
theggiew@google.es,33BK
lguttridgex@theglobeandmail.com,34BK
lgrebery@yelp.com,35BK
anewhamz@surveymonkey.com,36BK
vgrimsdell10@businessinsider.com,37BK
oocarrol11@goo.gl,38BK
aerrey12@sina.com.cn,39BK
lhazelgrove2@redcross.org,3BK
dchilvers13@senate.gov,40BK
sguice14@sogou.com,41BK
pmasterman15@tuttocitta.it,42BK
vmccoll16@cam.ac.uk,43BK
lskilling17@elegantthemes.com,44BK
lpeploe18@odnoklassniki.ru,45BK
mhardiker19@ameblo.jp,46BK
borr1a@imageshack.us,47BK
kbrittle1b@timesonline.co.uk,48BK
abartley1c@soundcloud.com,49BK
kalfonzo3@example.com,4BK
tyoselevitch1d@sourceforge.net,50BK
mlapish4@ustream.tv,5BK
tfetherston5@fotki.com,6BK
fbroun6@biblegateway.com,7BK
kboldero7@sourceforge.net,8BK
cabell8@freewebs.com,9BK
